SMILES,Name,Cluster
CNCC1CC2c3ccccc3Cc3ccccc3N2O1,A2a_000,0
CN(C)CC1CC2c3ccccc3Cc3ccccc3N2O1,A2a_001,0
CN1CCN2c3ccccc3Cc3ccccc3C2C1,A2a_002,0
CN(C)CC1CC2c3ccccc3Cc3ccc(Cl)cc3N2O1,A2a_003,0
CC(N)Cc1c[nH]c2ccc3c(c12)CCCO3,A2a_004,19
COC1OC2(CCN(Cc3ccccc3)CC2)c2ccccc21,A2a_005,15
COC1Cc2ccccc2C2(CCN(CCCc3ccccc3)CC2)O1,A2a_006,15
COC1Cc2ccccc2C2(CCN(Cc3ccccc3)CC2)O1,A2a_007,15
O=c1c(CCN2CCc3oc4ccccc4c3C2)c(Cc2ccccc2)nc2ccccn12,A2a_008,10
Cc1nc2ccccn2c(=O)c1CCN1CCc2oc3c(Cl)cccc3c2C1,A2a_009,10
COc1cccn2c(=O)c(CCN3CCc4oc5ccccc5c4C3)c(C)nc12,A2a_010,10
Cc1nc2ccc(Cl)cn2c(=O)c1CCN1CCc2oc3ccccc3c2C1,A2a_011,10
Cc1nc2ccccn2c(=O)c1CCN1CCc2oc3ccc(Cl)cc3c2C1,A2a_012,10
Cc1nc2ccc(Br)cn2c(=O)c1CCN1CCc2oc3ccccc3c2C1,A2a_013,10
Cc1ccn2c(=O)c(CCN3CCc4oc5ccccc5c4C3)c(C)nc2c1,A2a_014,10
COc1cc2nc(C)c(CCN3CCc4oc5ccccc5c4C3)c(=O)n2cc1OC,A2a_015,10
Cc1nc2ccccn2c(=O)c1CCN1CCc2oc3ccccc3c2C1,A2a_016,10
Cc1nc2ccccn2c(=O)c1CCCN1CCc2oc3ccccc3c2C1,A2a_017,10
Cc1nc2c(O)cccn2c(=O)c1CCN1CCc2oc3ccccc3c2C1,A2a_018,10
c1ccc2c(c1)OCC(C1=NCCN1)O2,A2a_019,15
Cc1nc2c(Cl)cc(Cl)cn2c(=O)c1CCN1CCc2oc3ccccc3c2C1,A2a_020,10
Cc1cc(C)n2c(=O)c(CCN3CCc4oc5ccccc5c4C3)c(C)nc2c1,A2a_021,10
Cc1nc2c(C)cccn2c(=O)c1CCN1CCc2oc3ccccc3c2C1,A2a_022,10
Cc1nc2c(Cl)cc(C(F)(F)F)cn2c(=O)c1CCN1CCc2oc3ccccc3c2C1,A2a_023,10
Cc1nc2ccc(I)cn2c(=O)c1CCN1CCc2oc3ccccc3c2C1,A2a_024,10
Cc1nc2ccccn2c(=O)c1CCN1CCc2sc3ccccc3c2C1,A2a_025,10
CN1CCN2c3ncccc3Cc3ccccc3C2C1,A2a_026,0
Cc1ccc2nc(C)c(CCN3CCc4oc5ccccc5c4C3)c(=O)n2c1,A2a_027,10
Cc1nc2cccc(C)n2c(=O)c1CCN1CCc2oc3ccccc3c2C1,A2a_028,10
CN(C)CC1CC2c3ccccc3Cc3ccc(F)cc3N2O1,A2a_029,0
c1ccc2c(Cc3c[nH]cn3)cccc2c1,A2a_030,15
CC(c1c[nH]cn1)c1cccc2ccccc12,A2a_031,15
OC(c1c[nH]cn1)c1cccc2ccccc12,A2a_032,15
Cc1cccc(C(C)c2c[nH]cn2)c1C,A2a_033,15
O=C1COc2cc(CN3CCN(c4ccc(Cl)cc4)CC3)ccc2N1,A2a_034,0
CN(C)c1nc(NC2CCC(NS(=O)(=O)c3ccc(Br)cc3OC(F)(F)F)CC2)nc2ccccc12,A2a_035,7
COc1cc(OC)cc(C(=O)NC2CCC(Nc3nc(N(C)C)c4ccccc4n3)CC2)c1,A2a_036,7
CN(C)c1nc(NC2CCC(NC(=O)c3ccc(Br)cc3OC(F)(F)F)CC2)nc2ccccc12,A2a_037,7
CN(C)c1nc(NC2CCC(NC(=O)c3cccc(Br)c3)CC2)nc2ccccc12,A2a_038,7
CN(C)c1nc(NCC2CCC(CNC(=O)c3ccc(Br)cc3OC(F)(F)F)CC2)nc2ccccc12,A2a_039,7
CN(C)c1nc(NCC2CCC(CNCc3ccc(Br)cc3OC(F)(F)F)CC2)nc2ccccc12,A2a_040,7
CN(C)c1nc(NC2CCC(NCc3ccc(Br)cc3OC(F)(F)F)CC2)nc2ccccc12,A2a_041,7
Cc1cccc(C(=O)NC2CCC(Nc3nc(N(C)C)c4ccccc4n3)CC2)c1,A2a_042,7
CN(C)c1nc(NC2CCC(NC(=O)c3cccc(C(F)(F)F)c3)CC2)nc2ccccc12,A2a_043,7
CN(Cc1ccc(Br)cc1OC(F)(F)F)CC1CCC(CNc2nc(N(C)C)c3ccccc3n2)CC1,A2a_044,7
CN(C)c1nc(NC2CCN(Cc3ccc(Br)cc3OC(F)(F)F)CC2)nc2ccccc12,A2a_045,7
CN(C)c1nc(NC2CCC(NC(=O)c3cccc(F)c3)CC2)nc2ccccc12,A2a_046,7
CN(C)c1nc(NC2CCC(NC(=O)c3cccc(C#N)c3)CC2)nc2ccccc12,A2a_047,7
CN(C)c1nc(NC2CCC(CNC(=O)c3ccc(Br)cc3OC(F)(F)F)CC2)nc2ccccc12,A2a_048,7
CN(C)c1nc(NCC2CCC(CNS(=O)(=O)c3ccc(Br)cc3OC(F)(F)F)CC2)nc2ccccc12,A2a_049,7
CN(C)c1nc(NC2CCC(CNCc3ccc(Br)cc3OC(F)(F)F)CC2)nc2ccccc12,A2a_050,7
CN(C)c1nc(NC2CCC(CNS(=O)(=O)c3ccc(Br)cc3OC(F)(F)F)CC2)nc2ccccc12,A2a_051,7
CN(C)c1nc(NC2CCC(NC(=O)c3ccc(F)cc3)CC2)nc2ccccc12,A2a_052,7
CN(C)c1nc(NC2CCC(NC(=O)c3cccc(Cl)c3)CC2)nc2ccccc12,A2a_053,7
CN(C)c1nc(NC2CCC(NC(=O)c3cccc([N+](=O)[O-])c3)CC2)nc2ccccc12,A2a_054,7
CN(C)c1nc(NC2CCN(S(=O)(=O)c3ccc(Br)cc3OC(F)(F)F)CC2)nc2ccccc12,A2a_055,7
CN(C)c1nc(NC2CCC(NC(=O)c3ccc(F)c(F)c3)CC2)nc2ccccc12,A2a_056,7
CN(C)c1nc(NC2CCC(NC(=O)c3ccc(Cl)c(Cl)c3)CC2)nc2ccccc12,A2a_057,7
CN(C)c1nc(NC2CCC(NC(=O)c3ccc(F)c(F)c3F)CC2)nc2ccccc12,A2a_058,7
CN(C)c1nc(NCC2CCC(CN(C)S(=O)(=O)c3ccc(Br)cc3OC(F)(F)F)CC2)nc2ccccc12,A2a_059,7
CN(C)c1nc(NCC2CCC(CNS(=O)(=O)c3ccc(Br)cc3OC(F)(F)F)CC2)nc2ccccc12,A2a_060,7
Nc1nc(NCC2CCC(CNS(=O)(=O)c3cccc4ccccc34)CC2)nc2ccccc12,A2a_061,7
Nc1nc(NCC2CCC(CNS(=O)(=O)c3ccc(Br)cc3OC(F)(F)F)CC2)nc2ccccc12,A2a_062,7
O=S(=O)(NCC1CCC(CNc2ncc3ccccc3n2)CC1)c1ccc(Br)cc1OC(F)(F)F,A2a_063,7
CN(C)c1nc(NCC2CCC(CNS(C)(=O)=O)CC2)nc2ccccc12,A2a_064,7
CCCCS(=O)(=O)NCC1CCC(CNc2nc(N(C)C)c3ccccc3n2)CC1,A2a_065,7
CN(C)c1nc(NCC2CCC(NS(=O)(=O)c3ccc(Br)cc3OC(F)(F)F)CC2)nc2ccccc12,A2a_066,7
CN(C)c1nc(NC2CCC(CNS(=O)(=O)c3ccc(Br)cc3OC(F)(F)F)CC2)nc2ccccc12,A2a_067,7
CN(C)c1nc(NC2CCC(NS(=O)(=O)c3ccc(Br)cc3OC(F)(F)F)CC2)nc2ccccc12,A2a_068,7
O=S(=O)(NCC1CCC(Nc2ncc3ccccc3n2)CC1)c1ccc(Br)cc1OC(F)(F)F,A2a_069,7
O=S(=O)(NC1CCC(Nc2ncc3ccccc3n2)CC1)c1ccc(Br)cc1OC(F)(F)F,A2a_070,7
CN(C)c1nc(NCC2CCN(S(=O)(=O)c3ccc(Br)cc3OC(F)(F)F)CC2)nc2ccccc12,A2a_071,7
CN(C)CCCOc1ccc(CCNC(=O)c2cc(Br)c[nH]2)cc1Br,A2a_072,0
Cc1c(C(=O)c2ccc(Cl)cc2)c2ccc(OC(F)(F)F)cc2n1Cc1cccc(OC(C)C(=O)O)c1,A2a_073,19
O=C(Nc1ccccc1-c1cn2c(CN3CCNCC3)csc2n1)c1cnc2ccccc2n1,A2a_074,11
CCCN1CCC(COc2nc3scc(C)c3n3cccc23)CC1,A2a_075,19
CC1=C(CCN(C)C)c2cc(S(=O)(=O)Nc3cccc4ccccc34)ccc2C1,A2a_076,8
CC1=C(CCN(C)C)c2cc(NS(=O)(=O)c3csc4ccccc34)ccc2C1,A2a_077,24
C=Cc1c(C)nn(CCCN2CCN(c3ccc(C)cc3)CC2)c(=O)c1N,A2a_078,0
COC(=O)C1C(O)CCC2CN3CCc4c([nH]c5ccccc45)C3CC21,A2a_079,19
CCN(CC)C(=O)C1C=C2c3cccc4[nH]cc(c34)CC2N(C(=O)Nc2ccccc2)C1,A2a_080,19
Cc1cc(N(C)C)nc(NC2CCC(NC(=O)c3ccc(Cl)cc3)CC2)n1,A2a_081,7
Cc1cc(N(C)C)nc(NC2CCC(NC(=O)c3ccc(Cl)c(Cl)c3)CC2)n1,A2a_082,7
Cc1cc(N(C)C)nc(NC2CCC(NC(=O)c3cc(C(F)(F)F)cc(C(F)(F)F)c3)CC2)n1,A2a_083,7
Cc1cccc(C(=O)NC2CCC(Nc3ncc(C)c(N(C)C)n3)CC2)c1,A2a_084,7
Cc1ccc(C(=O)NC2CCC(Nc3ncc(C)c(N(C)C)n3)CC2)cc1,A2a_085,7
Cc1cnc(NC2CCC(NC(=O)c3ccc(F)cc3)CC2)nc1N(C)C,A2a_086,7
Cc1cnc(NC2CCC(NC(=O)c3ccc(Cl)cc3)CC2)nc1N(C)C,A2a_087,7
Cc1cnc(NC2CCC(CNC(=O)c3ccc(F)c(F)c3)CC2)nc1N(C)C,A2a_088,7
Cc1cnc(NC2CCC(CNC(=O)c3cc(C(F)(F)F)cc(C(F)(F)F)c3)CC2)nc1N(C)C,A2a_089,7
O=S(=O)(Nc1ccc2c(c1)C(C1CCNC1)=CC2)c1c(Cl)nc2sccn12,A2a_090,24
CC1=C(C2CCCN(C)C2)c2cc(NS(=O)(=O)c3c(Cl)nc4sccn34)ccc2C1,A2a_091,24
O=C(NCCCCN1CCCCC1)Nc1ccc(-c2ccc(F)cc2)nc1,A2a_092,23
CC(C)(C)CC(C)(C)c1ccc(OCCOCC[N+](C)(C)Cc2ccccc2)cc1,A2a_093,15
CC(C)CC1C(=O)N2CCCC2C2(O)OC(NC(=O)C3C=C4c5cccc6[nH]c(Br)c(c56)CC4N(C)C3)(C(C)C)C(=O)N12,A2a_094,19
CN(Cc1ccc(C(C)(C)C)cc1)Cc1cccc2ccccc12,A2a_095,15
c1ccc2sc(SSc3nc4ccccc4s3)nc2c1,A2a_096,15
Oc1c(Cl)cc(Cl)cc1Sc1cc(Cl)cc(Cl)c1O,A2a_097,15
CN1C2CCC1CC(OC(c1ccccc1)c1ccccc1)C2,A2a_098,15
COc1ccc(CCN2CCC(Nc3nc4ccccc4n3Cc3ccc(F)cc3)CC2)cc1,A2a_099,7
CC(=O)NC(Cc1ccc(OP(=O)(O)O)cc1)C(=O)NC(CCC(=O)O)C(=O)N(C)CCCC1CCCCC1,ABL1_000,17
CCC(C)C(NC(=O)C1CCCN1C(=O)C(NC(=O)C(CCC(=O)O)NC(=O)C(CCC(=O)O)NC(=O)C(Cc1ccc(OP(=O)(O)O)cc1)NC(=O)C(CCC(N)=O)NC(=O)C1CCCN1C(=O)C(N)CCC(=O)O)C(C)CC)C(=O)NC(Cc1ccc(O)cc1)C(=O)NC(CC(C)C)C(=O)O,ABL1_001,17
CCC(C)C(NC(=O)C1CCCN1C(=O)C(NC(=O)C(CCC(=O)O)NC(=O)C(CCC(=O)O)NC(=O)C(Cc1ccc(C(F)(F)P(=O)(O)O)cc1)NC(=O)C(CCC(N)=O)NC(=O)C1CCCN1C(=O)C(N)CCC(=O)O)C(C)CC)C(=O)NC(Cc1ccc(O)cc1)C(=O)NC(CC(C)C)C(=O)O,ABL1_002,17
CCC(NC(=O)C(Cc1ccc(OP(=O)(O)O)cc1)NC(C)=O)C(=O)N(C)CCCC1CCCCC1,ABL1_003,17
CC(=O)NC(Cc1ccc(C(F)(F)P(=O)(O)O)cc1)C(=O)NC(CCC(=O)O)C(=O)N(C)CCCC1CCCCC1,ABL1_004,17
CCC(NC(=O)C(Cc1ccc(C(F)(F)P(=O)(O)O)cc1)NC(C)=O)C(=O)N(C)CCCC1CCCCC1,ABL1_005,17
CC(=O)NC(Cc1ccc(OP(=O)(O)O)cc1)C(=O)NC(CCC(=O)O)C(=O)NC(CCC1CCCCC1)C(N)=O,ABL1_006,17
CC(=O)NC(Cc1ccc(C(F)(F)P(=O)(O)O)cc1)C(=O)NC(CCC(=O)O)C(=O)NC(CCC1CCCCC1)C(N)=O,ABL1_007,17
CCC(C)C(NC(=O)C(CCC(=O)O)NC(=O)C(CCC(=O)O)NC(=O)C(Cc1ccc(C(F)(F)P(=O)(O)O)cc1)NC(C)=O)C(=O)NC(CCC(=O)O)C(=O)O,ABL1_008,17
CCC(C)C(NC(=O)C(CCC(=O)O)NC(=O)C(CCC(=O)O)NC(=O)C(Cc1ccc(OP(=O)(O)O)cc1)NC(C)=O)C(=O)NC(CCC(=O)O)C(=O)O,ABL1_009,17
CC(=O)NC(Cc1ccc(P(=O)(O)O)cc1)C(=O)NC(CCC(=O)O)C(=O)N(C)CCCC1CCCCC1,ABL1_010,17
CCC(NC(=O)C(Cc1ccc(P(=O)(O)O)cc1)NC(C)=O)C(=O)N(C)CCCC1CCCCC1,ABL1_011,17
CCC(C)C(NC(=O)C(CCC(=O)O)NC(=O)C(CCC(=O)O)NC(=O)C(Cc1ccc(P(=O)(O)O)cc1)NC(C)=O)C(=O)NC(CCC(=O)O)C(=O)O,ABL1_012,17
CCC(C)C(NC(=O)C(CCC(=O)O)NC(=O)C(CCC(=O)O)NC(=O)C(Cc1ccc(OP(=O)(O)O)cc1)NC(C)=O)C(=O)NC(CCC(=O)O)C(=O)O,ABL1_013,17
C=C(CN(C)C)C(=O)c1ccc(OS(=O)(=O)c2ccc(C(=O)O)cc2)cc1,ABL1_014,15
O=c1c(-c2ccc(O)cc2)coc2cc(O)cc(O)c12,ABL1_015,15
C=C(CN(C)C)C(=O)c1ccc(OS(=O)(=O)c2ccc(C(=O)N(C)C)cc2)cc1,ABL1_016,0
Cc1nc(C)c(-c2[nH]nc3c2C(=O)c2c(NC(=O)NN4CCN(C)CC4)cccc2-3)s1,ABL1_017,3
O=[N+]([O-])c1cccc(Nc2nccc(-c3ccccn3)n2)c1,ABL1_018,21
Cc1ccc(C(=O)Nc2ccc(C)c(Nc3nccc(-c4cccnc4)n3)c2)cc1,ABL1_019,21
Cc1ccc(NC(=O)c2ccc(CN3CCN(C)CC3)cc2)cc1Nc1nccc(-c2cccnc2)n1,ABL1_020,21
Cc1ccc(NC(=O)c2ccc(Cl)cc2)cc1Nc1nccc(-c2cccnc2)n1,ABL1_021,21
Clc1cccc(Nc2nccc(-c3cccnc3)n2)c1,ABL1_022,21
O=C(Nc1cccc(Nc2nccc(-c3cccnc3)n2)c1)c1ccccc1,ABL1_023,21
O=C(O)c1cccc(Nc2nccc(-c3cccnc3)n2)c1,ABL1_024,21
Cc1ccc(NC(=O)c2ccc3ccccc3c2)cc1Nc1nccc(-c2cccnc2)n1,ABL1_025,21
CC(=O)Nc1ccc(C)c(Nc2nccc(-c3cccnc3)n2)c1,ABL1_026,21
O=C(Nc1cccc(Nc2nccc(-c3cccnc3)n2)c1)c1ccc(F)cc1,ABL1_027,21
O=[N+]([O-])c1cccc(Nc2nccc(-c3ccncc3)n2)c1,ABL1_028,21
NCCCNC(=O)c1cccc(Nc2nccc(-c3cccnc3)n2)c1,ABL1_029,21
Nc1cccc(Nc2nccc(-c3ccncc3)n2)c1,ABL1_030,21
CCCCCC(=O)Nc1cccc(Nc2nccc(-c3cccnc3)n2)c1,ABL1_031,21
c1cc(Nc2nccc(-c3cccnc3)n2)cc(OCCn2ccnc2)c1,ABL1_032,21
Cc1ccc(C(=O)Nc2cccc(Nc3nccc(-c4cccnc4)n3)c2)cc1,ABL1_033,21
COc1ccccc1C(=O)Nc1cccc(Nc2nccc(-c3cccnc3)n2)c1,ABL1_034,21
c1cncc(-c2ccnc(Nc3cccc(-n4ccnc4)c3)n2)c1,ABL1_035,21
O=C(Nc1cccc(Nc2nccc(-c3cccnc3)n2)c1)c1ccccn1,ABL1_036,21
COC(=O)c1cccc(Nc2nccc(-c3cccnc3)n2)c1,ABL1_037,21
FC(F)C(F)(F)Oc1cccc(Nc2nccc(-c3c[nH]c4ccccc34)n2)c1,ABL1_038,21
O=C(O)c1ccccc1C(=O)Nc1cccc(Nc2nccc(-c3cccnc3)n2)c1,ABL1_039,21
CN1CCN(Cc2ccc(C(=O)Nc3cccc(Nc4nccc(-c5cccnc5)n4)c3)cc2)CC1,ABL1_040,21
O=C(Nc1cccc(Nc2nccc(-c3cccnc3)n2)c1)c1cccnc1,ABL1_041,21
NCCCn1ccc2c(-c3ccnc(Nc4cccc(OC(F)(F)C(F)F)c4)n3)cccc21,ABL1_042,21
COc1ccccc1C(=O)Nc1ccc(C)c(Nc2nccc(-c3cccnc3)n2)c1,ABL1_043,21
O=C(Nc1cccc(Nc2nccc(-c3cccnc3)n2)c1)c1cccs1,ABL1_044,21
Cc1ccc(NC(=O)c2ccccc2)cc1Nc1nccc(-c2cccnc2)n1,ABL1_045,21
Cc1ccc(N)cc1Nc1nccc(-c2cccnc2)n1,ABL1_046,21
c1ccc(Nc2nccc(-c3cccnc3)n2)cc1,ABL1_047,21
O=C(Nc1cccc(Nc2nccc(-c3cccnc3)n2)c1)c1ccncc1,ABL1_048,21
Nc1cccc(Nc2nccc(-c3cccnc3)n2)c1,ABL1_049,21
O=[N+]([O-])c1cccc(Nc2nccc(-c3cccnc3)n2)c1,ABL1_050,21
O=C(Nc1cccc(Nc2nccc(-c3cccnc3)n2)c1)C1CCCCC1,ABL1_051,21
N#Cc1ccc(C(=O)Nc2cccc(Nc3nccc(-c4cccnc4)n3)c2)cc1,ABL1_052,21
Nc1ccc(Nc2[nH]nc3ncnc(Nc4cccc(Cl)c4)c23)cc1,ABL1_053,23
c1ccc(Nc2ncnc3[nH]nc(Nc4ccccc4)c23)cc1,ABL1_054,23
Nc1cccc(-c2[nH]nc3ncnc(Nc4cccc(Cl)c4)c23)c1,ABL1_055,23
COc1cccc(Nc2[nH]nc3ncnc(Nc4cccc(Cl)c4)c23)c1,ABL1_056,23
O=C(Nc1cccc(C(F)(F)F)c1)c1ccccc1NCc1ccncc1,ABL1_057,0
Clc1cccc(Nc2ncnc3[nH]nc(NCc4ccccc4)c23)c1,ABL1_058,23
Nc1ncnc2[nH]nc(Nc3cccc(Cl)c3)c12,ABL1_059,23
Oc1cccc(-c2[nH]nc3ncnc(Nc4cccc(Cl)c4)c23)c1,ABL1_060,23
Nc1ccc(-c2[nH]nc3ncnc(Nc4cccc(Cl)c4)c23)cc1,ABL1_061,23
Nc1nc(N)c2c(Nc3cccc(Cl)c3)[nH]nc2n1,ABL1_062,23
COc1ccc(-c2[nH]nc3ncnc(Nc4cccc(Cl)c4)c23)cc1,ABL1_063,23
COc1cccc(CNc2[nH]nc3ncnc(Nc4cccc(Cl)c4)c23)c1,ABL1_064,23
Clc1cccc(Nc2ncnc3[nH]nc(Nc4cccc(Cl)c4)c23)c1,ABL1_065,23
Clc1cccc(Nc2[nH]nc3ncnc(Nc4cccc(Br)c4)c23)c1,ABL1_066,23
Clc1cccc(Nc2[nH]nc3ncnc(Nc4ccccc4)c23)c1,ABL1_067,23
Oc1cccc(Nc2[nH]nc3ncnc(Nc4cccc(Cl)c4)c23)c1,ABL1_068,23
COc1cc2c(Nc3ccc(Br)cc3F)ncnc2cc1OCC1CCN(C)CC1,ABL1_069,7
COc1cc2ncnc(Nc3cccc(Br)c3)c2cc1OC,ABL1_070,7
Oc1ccc(Nc2[nH]nc3ncnc(Nc4cccc(Cl)c4)c23)cc1,ABL1_071,23
O=C(Nc1cccc(-c2cncc3ccccc23)c1)c1ccccc1NCc1ccncc1,ABL1_072,0
Cc1cccc(Nc2ncnc3[nH]nc(Nc4cccc(Cl)c4)c23)c1,ABL1_073,23
Clc1cccc(Nc2ncnc3[nH]nc(-c4ccccc4)c23)c1,ABL1_074,23
Oc1ccc(-c2[nH]nc3ncnc(Nc4cccc(Cl)c4)c23)cc1,ABL1_075,23
CC(=O)NC(Cc1ccc(OP(=O)(O)O)cc1)C(=O)NC(C(=O)NC(C)C(=O)NCCc1ccccc1)C(C)C,ABL1_076,17
CCCCCCCCN(CCCCCCCC)C(=O)C(C)NC(=O)C(NC(=O)C(Cc1ccc(OP(=O)(O)O)cc1)NC(C)=O)C(C)C,ABL1_077,17
CCCCN(CCCC)C(=O)C(C)NC(=O)C(NC(=O)C(Cc1ccc(OP(=O)(O)O)cc1)NC(C)=O)C(C)C,ABL1_078,17
CCCCCCN(CCCCCC)C(=O)C(C)NC(=O)C(NC(=O)C(Cc1ccc(OP(=O)(O)O)cc1)NC(C)=O)C(C)C,ABL1_079,17
CCCCCN(CCCCC)C(=O)C(C)NC(=O)C(NC(=O)C(Cc1ccc(OP(=O)(O)O)cc1)NC(C)=O)C(C)C,ABL1_080,17
CCCCCCN(CCCCCC)C(=O)C(C)NC(=O)C(NC(=O)C(Cc1ccc(OP(=O)(O)O)cc1)NC(C)=O)C(C)C,ABL1_081,17
CC(=O)NC(Cc1ccc(OP(=O)(O)O)cc1)C(=O)NC(C(=O)NC(C)C(=O)NCCC1CCCCC1)C(C)C,ABL1_082,17
CC(=O)NC(Cc1ccc(OP(=O)(O)O)cc1)C(=O)NC(C(=O)NC(C)C(=O)NCCc1ccccc1)C(C)C,ABL1_083,17
Cc1ccc(NC(=O)N2CCCCC2)cc1Nc1nccc(-c2cccnc2)n1,ABL1_084,21
Cc1ccc(NC(=O)Nc2cccc(Cl)c2)cc1Nc1nccc(-c2cccnc2)n1,ABL1_085,21
Cc1ccc(NC(=O)Nc2cccnc2)cc1Nc1nccc(-c2cccnc2)n1,ABL1_086,21
Cc1ccc(NC(=O)Nc2cccc(N(C)C)c2)cc1Nc1nccc(-c2cccnc2)n1,ABL1_087,21
CCN(CC)c1cccc(NC(=O)Nc2ccc(C)c(Nc3nccc(-c4cccnc4)n3)c2)c1,ABL1_088,21
Cc1ccc(NC(=O)Nc2cccc(N3CCCC3)c2)cc1Nc1nccc(-c2cccnc2)n1,ABL1_089,21
Cc1ccc(NC(=O)Nc2ccccc2CN(C)C2CCCCC2)cc1Nc1nccc(-c2cccnc2)n1,ABL1_090,21
CNC1CC2OC(C)(C1OC)n1c3ccccc3c3c4c(c5c6ccccc6n2c5c31)C(=O)NC4,ABL1_091,19
COc1cc(Nc2c(C#N)cnc3cc(OCCCN4CCN(C)CC4)c(OC)cc23)c(Cl)cc1Cl,ABL1_092,7
COc1cc(Nc2c(C#N)cnc3cc4cc(OCCN5CCOCC5)c(OC)cc4cc23)c(Cl)cc1Cl,ABL1_093,7
COc1cc2c(cc1OC)-c1n[nH]c(Nc3cccc(F)c3)c1C2,ABL1_094,23
O=C(c1cc2cc(O)ccc2[nH]1)c1cc2cc(O)ccc2[nH]1,ABL1_095,15
c1csc(CNc2ccc3[nH]nc(-c4nc5cc(N6CCC(N7CCCCC7)CC6)ccc5[nH]4)c3c2)n1,ABL1_096,24
c1coc(CNc2ccc3[nH]nc(-c4nc5cc(N6CCC(N7CCCCC7)CC6)ccc5[nH]4)c3c2)c1,ABL1_097,24
O=C(Nc1ccc2[nH]nc(-c3nc4cc(N5CCC(N6CCCCC6)CC5)ccc4[nH]3)c2c1)c1ccco1,ABL1_098,24
CC(C)(C)NC(=O)Nc1ccc2[nH]nc(-c3nc4cc(N5CCC(N6CCCCC6)CC5)ccc4[nH]3)c2c1,ABL1_099,24
CCOc1nn(-c2cccc(OCc3ccccc3)c2)c(=O)o1,Acetylcholinesterase_000,15
O=C(N1CCCCC1)n1nc(-c2ccc(Cl)cc2)nc1SCC1CC1,Acetylcholinesterase_001,16
O=C(N1CCCCC1)n1nc(-c2ccc(Cl)cc2)nc1SCC(F)(F)F,Acetylcholinesterase_002,16
CSc1nc(-c2ccc(OC(F)(F)F)cc2)nn1C(=O)N(C)C,Acetylcholinesterase_003,16
CSc1nc(-c2ccc(C)cc2)nn1C(=O)N(C)c1ccccc1,Acetylcholinesterase_004,16
CSc1nc(-c2ccc(Cl)cc2)nn1C(=O)N(C)C,Acetylcholinesterase_005,16
COc1ccc(-c2nc(SC)n(C(=O)N(C)C)n2)cc1,Acetylcholinesterase_006,16
CSc1nc(-c2ccc3ccccc3c2)nn1C(=O)N(C)C,Acetylcholinesterase_007,16
CSc1nc(-c2ccc(-c3ccccc3)cc2)nn1C(=O)N(C)C,Acetylcholinesterase_008,16
CSc1nc(-c2ccc(Cl)cc2)nn1C(=O)N(C)c1ccccc1,Acetylcholinesterase_009,16
Cc1c(C(C)C)c(=O)on1C(=O)N1CCCC(C)C1,Acetylcholinesterase_010,19
CCSc1nc(-c2ccc(OC)cc2)nn1C(=O)N(C)c1ccccc1,Acetylcholinesterase_011,16
CSc1nc(-c2ccc(Cl)cc2)nn1C(=O)N1CCCCC1,Acetylcholinesterase_012,16
CSc1nc(-c2ccc(C)cc2)nn1C(=O)N(C)C,Acetylcholinesterase_013,16
CCSc1nc(-c2ccc(Cl)cc2)nn1C(=O)N(C)C,Acetylcholinesterase_014,16
CCCCCCSc1nc(-c2ccc(C)cc2)nn1C(=O)N(C)C,Acetylcholinesterase_015,16
CCCSc1nc(-c2ccc(Cl)cc2)nn1C(=O)N(C)C,Acetylcholinesterase_016,16
Cc1ccc(-c2nc(SCC(F)(F)F)n(C(=O)N(C)C)n2)cc1,Acetylcholinesterase_017,16
CSc1nc(-c2ccc(C(F)(F)F)cc2)nn1C(=O)N(C)C,Acetylcholinesterase_018,16
CN(C)C(=O)Oc1cccc([N+](C)(C)C)c1,Acetylcholinesterase_019,15
CN1CCC2(C)c3cc(OC(=O)NCCCN4CCOCC4)ccc3N(C)C12,Acetylcholinesterase_020,17
CN1CCC2(C)c3cc(OC(=O)NCCCCCCCCCCN4CCOCC4)ccc3N(C)C12,Acetylcholinesterase_021,17
N#CC(C#N)=C1Nc2ccccc2N1CCNCc1ccc(CN2CCCCC2)o1,Acetylcholinesterase_022,6
COc1cc(N)c(Cl)cc1C(=O)NCCNCc1ccc(CN(C)C)o1,Acetylcholinesterase_023,0
CN1CCN(Cc2ccc(CNCCN3CCNC3=C(C#N)C#N)o2)CC1,Acetylcholinesterase_024,6
O=c1[nH]c2ccccc2n1CCNCc1ccc(CN2CCCCC2)o1,Acetylcholinesterase_025,6
CC1CCCCN1Cc1ccc(CNCCN2CCNC2=C(C#N)C#N)o1,Acetylcholinesterase_026,6
N#CC(C#N)=C1NCCN1CCNCc1ccc(CN2CCCCC2)o1,Acetylcholinesterase_027,6
CNC(NCCNCc1ccc(CN2CCCCC2)o1)=C(C#N)C#N,Acetylcholinesterase_028,6
N#CC(C#N)=C1NCCN1CCNCc1ccc(CN2CCC(O)CC2)o1,Acetylcholinesterase_029,6
CN(C)Cc1ccc(CNCCN2CCNC2=C(C#N)C#N)o1,Acetylcholinesterase_030,6
CCN(C)Cc1ccc(CNCCN2CCNC2=C(C#N)C#N)o1,Acetylcholinesterase_031,6
CCN(CC)Cc1ccc(CNCCN2CCNC2=C(C#N)C#N)o1,Acetylcholinesterase_032,6
CN1CCC2(C)c3cc(OC(=O)NCCCCN4CCOCC4)ccc3N(C)C12,Acetylcholinesterase_033,17
CCCCCCCNC(=O)Oc1ccc2c(c1)C1(C)CCN(C)C1N2C,Acetylcholinesterase_034,17
CN1CCC2(C)c3cc(OC(=O)NCCN4CCOCC4)ccc3N(C)C12,Acetylcholinesterase_035,17
CNC(NCCNCc1ccc(CN(C)C)o1)=C(C#N)C#N,Acetylcholinesterase_036,6
CNC(NCCNCc1ccc(CN(C(C)C)C(C)C)o1)=C(C#N)C#N,Acetylcholinesterase_037,6
CC1CCN(Cc2ccc(CNCCN3CCNC3=C(C#N)C#N)o2)CC1,Acetylcholinesterase_038,6
CN1CCC2(C)c3cc(OC(=O)NCCCCCCCCCCCN4CCOCC4)ccc3N(C)C12,Acetylcholinesterase_039,17
N#CC(C#N)=C1NCCN1CCNCc1ccc(CN2CCCC2)o1,Acetylcholinesterase_040,6
N#CC(C#N)=C1NCCN1CCNCc1ccc(CN2CC=CCC2)o1,Acetylcholinesterase_041,6
CN1CCC2(C)c3cc(OC(=O)NCCCCCCCCCN4CCOCC4)ccc3N(C)C12,Acetylcholinesterase_042,17
CN1CCC2(C)c3cc(OC(=O)NCCCCCCCCCCCCN4CCOCC4)ccc3N(C)C12,Acetylcholinesterase_043,17
CNC(NCCNCc1ccc(CN2CCCC2)o1)=C(C#N)C#N,Acetylcholinesterase_044,6
N#CC(C#N)=C1NCCN1CCNCc1ccc(CN2CCOCC2)o1,Acetylcholinesterase_045,6
N#CC(C#N)=C1NCCN1CCNCc1ccc(CN2CCSCC2)o1,Acetylcholinesterase_046,6
CNC(=C[N+](=O)[O-])NCCSCc1ccc(CN(C)C)o1,Acetylcholinesterase_047,6
CN1CCC2(C)c3cc(OC(=O)NCCCCCCN4CCOCC4)ccc3N(C)C12,Acetylcholinesterase_048,17
CC1CCCN(Cc2ccc(CNCCN3CCNC3=C(C#N)C#N)o2)C1,Acetylcholinesterase_049,6
CC1CCCC(C)N1Cc1ccc(CNCCN2CCNC2=C(C#N)C#N)o1,Acetylcholinesterase_050,6
CNC(=O)Oc1ccc2c(c1)C1(C)CCN(C)C1N2C,Acetylcholinesterase_051,17
CN1CCC2(C)c3cc(OC(=O)NCCCCCN4CCOCC4)ccc3N(C)C12,Acetylcholinesterase_052,17
CN1CCC2(C)c3cc(OC(=O)NCCCCCCCCN4CCOCC4)ccc3N(C)C12,Acetylcholinesterase_053,17
CN1CCC2(C)c3cc(OC(=O)NCCCCCCCN4CCOCC4)ccc3N(C)C12,Acetylcholinesterase_054,17
COC1CCCN(Cc2ccc(CNCCN3CCNC3=C(C#N)C#N)o2)C1,Acetylcholinesterase_055,6
N#CC(C#N)=C1NCCN1CCNCc1ccc(CN2CCCC(O)C2)o1,Acetylcholinesterase_056,6
C/N=c1\c(O)c(O)\c1=N/CCNCc1ccc(CN2CCCCC2)o1,Acetylcholinesterase_057,6
N#CC(C#N)=C1NCCN1CCNCc1ccc(CN2CCCCCC2)o1,Acetylcholinesterase_058,6
NC12CC(C(F)(F)F)=CC(Cc3[nH]c(=O)ccc31)/C2=C\C(F)(F)F,Acetylcholinesterase_059,19
C[n+]1ccn(COCC(C)(C)[N+](=O)[O-])c1/C=N/O,Acetylcholinesterase_060,15
C/C=C1\C2C=C(C(F)(F)F)CC1(N)c1ccc(=O)[nH]c1C2,Acetylcholinesterase_061,19
C/C=C1/C2C=C(C)CC1(N)c1ccc(=O)[nH]c1C2,Acetylcholinesterase_062,19
Nc1c2c(nc3ccccc13)CCCC2,Acetylcholinesterase_063,19
Nc1cc(-c2ccccc2)nc2ccccc12,Acetylcholinesterase_064,23
CN(CCn1cc[n+](C)c1/C=N/O)S(C)(=O)=O,Acetylcholinesterase_065,15
C[n+]1ccn(COCCS(C)(=O)=O)c1/C=N/O,Acetylcholinesterase_066,15
CC1=CC2Cc3[nH]c(=O)ccc3C(N)(C1)/C2=C/C(F)(F)F,Acetylcholinesterase_067,19
Nc1c2c(nc3ccccc13)-c1ccccc1C2,Acetylcholinesterase_068,23
Nc1c2c(nc3ccccc13)-c1ccccc1CC2,Acetylcholinesterase_069,23
Nc1c2c(nc3ccccc13)-c1ccccc1CS2,Acetylcholinesterase_070,23
C[n+]1ccn(CCN2CCCC2)c1/C=N/O,Acetylcholinesterase_071,15
C/N=C1/CCc2c1n(C)c1ccc(OC(=O)NCc3ccccc3)c(Br)c21,Acetylcholinesterase_072,19
COc1cc2cc(C(=O)CC(O)C3CC[N+](C)(Cc4ccccc4)CC3)sc2cc1OC,Acetylcholinesterase_073,12
C/N=C1/CCc2c1n(C)c1ccc(OC(=O)NC)c(Cl)c21,Acetylcholinesterase_074,19
COc1cc2cc(C(=O)CC3=CC[N+](C)(Cc4ccccc4)CC3)sc2cc1OC,Acetylcholinesterase_075,12
COc1cc2cc(C(=O)CCc3cc[n+](Cc4ccccc4)cc3)sc2cc1OC,Acetylcholinesterase_076,12
COc1cc2cc(C(=O)CCC3CC[N+](C)(CCOc4ccccc4)CC3)sc2cc1OC,Acetylcholinesterase_077,12
CCC[n+]1ccc(CCC(=O)c2cc3cc(OC)c(OC)cc3s2)cc1,Acetylcholinesterase_078,12
COc1cc2cc(C(=O)CCc3cc[n+](CC4CCC4)cc3)sc2cc1OC,Acetylcholinesterase_079,12
C/N=C1/CCc2c1n(C)c1cc(Cl)c(OC(=O)NC)cc21,Acetylcholinesterase_080,19
COc1cc2cc(C(=O)CCCCC3CC[N+](C)(Cc4ccccc4)CC3)sc2cc1OC,Acetylcholinesterase_081,12
CC[n+]1ccc(CCC(=O)c2cc3cc(OC)c(OC)cc3s2)cc1,Acetylcholinesterase_082,12
CNC(=O)Oc1ccc2c(c1)c1c(n2C)/C(=N\CCc2ccccc2)CC1,Acetylcholinesterase_083,19
CCCn1c2c(c3c(Br)c(OC(=O)NC)ccc31)CC/C2=N\CC,Acetylcholinesterase_084,19
COc1cc2cc(C(O)C3CC[N+](C)(Cc4ccccc4)CC3)sc2cc1OC,Acetylcholinesterase_085,12
COCC[N+]1(C)CCC(CCC(=O)c2cc3cc(OC)c(OC)cc3s2)CC1,Acetylcholinesterase_086,12
COC(=O)c1ccc(C[n+]2ccc(CCC(=O)c3cc4cc(OC)c(OC)cc4s3)cc2)cc1,Acetylcholinesterase_087,12
CCCCNC(=O)Oc1ccc2c(c1Br)c1c(n2C)/C(=N\C)CC1,Acetylcholinesterase_088,19
COc1cc2cc(C(=O)C=C3CC[N+](C)(Cc4ccccc4)CC3)sc2cc1OC,Acetylcholinesterase_089,12
COc1cc2cc(C(=O)CCc3cc[n+](Cc4ccc(F)cc4)cc3)sc2cc1OC,Acetylcholinesterase_090,12
COc1cc2cc(C(=O)CC(OC)C3CC[N+](C)(Cc4ccccc4)CC3)sc2cc1OC,Acetylcholinesterase_091,12
COc1cc2cc(C(=O)CCc3cc[n+](CC4CC4)cc3)sc2cc1OC,Acetylcholinesterase_092,12
C/N=C1/CCc2c1n(C)c1ccc(OC(=O)NC)cc21,Acetylcholinesterase_093,19
COc1cc2cc(C(=O)CC3(O)CC[N+](C)(Cc4ccccc4)CC3)sc2cc1OC,Acetylcholinesterase_094,12
COc1cc2cc(C(=O)CCC3CC[N+](C)(CC4CCCCO4)CC3)sc2cc1OC,Acetylcholinesterase_095,12
COc1cc2cc(C(=O)CCc3cc[n+](C)cc3)sc2cc1OC,Acetylcholinesterase_096,12
COCC[n+]1ccc(CCC(=O)c2cc3cc(OC)c(OC)cc3s2)cc1,Acetylcholinesterase_097,12
COc1cc2cc(C(=O)CC(O)CCC3CC[N+](C)(Cc4ccccc4)CC3)sc2cc1OC,Acetylcholinesterase_098,12
COc1cc2cc(C(=O)CCc3cc[n+](Cc4ccsc4)cc3)sc2cc1OC,Acetylcholinesterase_099,12
CC(C)(C)c1ccc(C(=O)Nc2[nH]nc3c2CN(C(=O)Cc2ccsc2)C3)cc1,Aurora-A_000,14
CC(C)(C)c1ccc(C(=O)Nc2n[nH]c3c2CN(C(=O)c2ccco2)C3)cc1,Aurora-A_001,14
CC(C)(C)c1ccc(C(=O)Nc2n[nH]c3c2CN(C(=O)Cc2ccccc2)C3)cc1,Aurora-A_002,14
CCc1cccc(CC)c1NC(=O)N1Cc2[nH]nc(NC(=O)c3ccc(C(C)(C)C)cc3)c2C1,Aurora-A_003,14
CN1CCN(c2ccc(C(=O)Nc3[nH]nc4c3CN(C(=O)Cc3ccsc3)C4)cc2)CC1,Aurora-A_004,14
CN1CCN(c2ccc(C(=O)Nc3n[nH]c4c3CN(C(=O)c3ccco3)C4)cc2)CC1,Aurora-A_005,14
CN1CCN(c2ccc(C(=O)Nc3n[nH]c4c3CN(C(=O)Cc3ccccc3)C4)cc2)CC1,Aurora-A_006,14
CCc1cccc(CC)c1NC(=O)N1Cc2[nH]nc(NC(=O)c3ccc(N4CCN(C)CC4)cc3)c2C1,Aurora-A_007,14
CC(CN(C)C)Oc1ccc(Cl)cc1NC(=O)Nc1cnc(C#N)cn1,Aurora-A_008,0
Cc1ccc(C(=O)Nc2ncc(Nc3ncnc4c3NCc3ccccc3O4)cn2)cc1,Aurora-A_009,7
COc1ccc2c(c1)CNc1c(Nc3cnc(NC(=O)c4ccc(C)cc4)nc3)ncnc1O2,Aurora-A_010,7
COc1cc2c(cc1OC)Oc1ncnc(Nc3cnc(NC(=O)c4ccc(C)cc4)nc3)c1NC2,Aurora-A_011,7
COc1ccc2c(c1)CNc1c(Nc3cnc(NC(=O)c4cccc(F)c4)nc3)ncnc1O2,Aurora-A_012,7
COc1ccc2c(c1)Oc1ncnc(Nc3cnc(NC(=O)c4cccc(F)c4)nc3)c1NC2,Aurora-A_013,7
COc1cc2c(cc1OC)Oc1ncnc(Nc3cnc(NC(=O)c4cccc(F)c4)nc3)c1NC2,Aurora-A_014,7
COc1ccc2c(c1)Oc1ncnc(Nc3cnc(NC(=O)c4ccc(F)cc4)nc3)c1NC2,Aurora-A_015,7
O=C(Nc1ncc(Nc2ncnc3c2NCc2ccccc2O3)cn1)c1ccccc1,Aurora-A_016,7
CCN(CC)c1ccc2c(c1)Oc1ncnc(Nc3cnc(NC(=O)c4ccccc4)nc3)c1NC2,Aurora-A_017,7
COc1cc2c(cc1OC)Oc1ncnc(Nc3cnc(NC(=O)c4ccccc4)nc3)c1NC2,Aurora-A_018,7
COc1ccc2c(c1)Oc1ncnc(Nc3cnc(NC(=O)c4ccccc4)nc3)c1NC2,Aurora-A_019,7
COc1ccc2c(c1)CNc1c(Nc3cnc(NC(=O)c4ccccc4)nc3)ncnc1O2,Aurora-A_020,7
COc1cccc2c1CNc1c(Nc3cnc(NC(=O)c4ccccc4)nc3)ncnc1O2,Aurora-A_021,7
COc1cc2c(Nc3ncc(C)s3)ncnc2cc1OCCCN1CCOCC1,Aurora-A_022,7
COc1cc2c(Nc3ncc(CC(=O)Nc4cccc(F)c4)s3)ncnc2cc1OCCCNCCO,Aurora-A_023,7
COCCOc1cc2ncnc(Nc3ncc(CC(=O)Nc4cccc(F)c4)s3)c2cc1OC,Aurora-A_024,7
COc1cc2c(Nc3ncc(CC(=O)Nc4ccccc4C(N)=O)s3)ncnc2cc1OCCCN1CCCC1CO,Aurora-A_025,7
COc1cc2c(Nc3ncc(CC(=O)Nc4cccc(N(C)C)c4)s3)ncnc2cc1OCCCN1CCCC1CO,Aurora-A_026,7
COc1cccc(NC(=O)Cc2cnc(Nc3ncnc4cc(OCCCN5CCCC5CO)c(OC)cc34)s2)c1,Aurora-A_027,7
COc1cc2c(Nc3ncc(CC(=O)Nc4cccc(F)c4F)s3)ncnc2cc1OCCCN1CCCC1CO,Aurora-A_028,7
COc1cc2c(Nc3ncc(CNS(=O)(=O)c4cccc(F)c4)s3)ncnc2cc1OCCCN1CCC(CO)CC1,Aurora-A_029,7
COc1cc2c(Nc3ncc(CNC(=O)c4cccc(F)c4)s3)ncnc2cc1OCCCN1CCC(CO)CC1,Aurora-A_030,7
COc1cc2c(Nc3ncc(CC(=O)NCCC(C)C)s3)ncnc2cc1OCCCN1CCOCC1,Aurora-A_031,7
CCN(C(=O)Cc1cnc(Nc2ncnc3cc(OCCCN4CCOCC4)c(OC)cc23)s1)c1ccccc1,Aurora-A_032,7
COc1cc2c(Nc3ncc(CC(=O)Nc4cccc(F)c4)o3)ncnc2cc1OCCCN1CCOCC1,Aurora-A_033,7
COc1cc2c(Nc3nc(CC(=O)Nc4cccc(F)c4)cs3)ncnc2cc1OCCCN1CCOCC1,Aurora-A_034,7
COc1cc2c(Nc3ncc(C(=O)Nc4ccc(F)cc4)s3)ncnc2cc1OCCCN1CCOCC1,Aurora-A_035,7
CCCCc1cnc(Nc2ncnc3cc(OCCCN4CCOCC4)c(OC)cc23)s1,Aurora-A_036,7
CC(=O)N1Cc2n[nH]c(NC(=O)c3ccccc3)c2C1,Aurora-A_037,14
CCCCNC(=O)N1Cc2n[nH]c(NC(=O)Cc3ccc(N4CCCC4)cc3)c2C1,Aurora-A_038,14
CC(=O)N1Cc2n[nH]c(NC(=O)Cc3ccccc3)c2C1,Aurora-A_039,14
CC(C)NC(=O)N1Cc2n[nH]c(NC(=O)c3ccc4c(c3)OCO4)c2C1,Aurora-A_040,14
CC(C)C(=O)N1Cc2n[nH]c(NC(=O)c3ccc4c(c3)OCO4)c2C1,Aurora-A_041,14
Cc1ccc(C(=O)Nc2[nH]nc3c2CN(C(=O)c2cccc4cccnc24)C3)cc1,Aurora-A_042,14
CC(=O)N1Cc2n[nH]c(NC(=O)c3cccc(F)c3)c2C1,Aurora-A_043,14
CC(=O)N1Cc2n[nH]c(NC(=O)c3ccc(C#N)cc3)c2C1,Aurora-A_044,14
COc1ccc(C(=O)Nc2[nH]nc3c2CN(C(C)=O)C3)cc1,Aurora-A_045,14
CC(=O)N1Cc2n[nH]c(NC(=O)c3ccc(C)cc3)c2C1,Aurora-A_046,14
COc1cc2ncnc(Nc3ccc(NC(=O)c4ccccc4)cc3)c2cc1OC,Aurora-A_047,7
CCCCC(=O)Nc1ncc(Nc2ncnc3cc(OCCCN4CCOCC4)c(OC)cc23)cn1,Aurora-A_048,7
COc1cc2c(Nc3cnc(NC(=O)c4ccncc4)nc3)ncnc2cc1OCCCN1CCOCC1,Aurora-A_049,7
CCCN(CCC)S(=O)(=O)c1ccc(C(=O)Nc2ncc(Nc3ncnc4cc(OCCCN5CCOCC5)c(OC)cc34)cn2)cc1,Aurora-A_050,7
CCc1ccc(C(=O)Nc2ncc(Nc3ncnc4cc(OCCCN5CCOCC5)c(OC)cc34)cn2)cc1,Aurora-A_051,7
COc1cc2c(Nc3cnc(NC(=O)c4ccc(C)c(Br)c4)nc3)ncnc2cc1OCCCN1CCOCC1,Aurora-A_052,7
COc1cc2c(Nc3cnc(NC(=O)c4ccc(F)c(Cl)c4)nc3)ncnc2cc1OCCCN1CCOCC1,Aurora-A_053,7
COc1cc2c(Nc3ncc(NC(=O)c4ccccc4)cn3)ncnc2cc1OCCCN1CCOCC1,Aurora-A_054,7
COc1cc2c(Nc3cnc(NC(=O)c4ccccc4)nc3)ncnc2cc1OCCCN1CCOCC1,Aurora-A_055,7
COc1cc2c(Nc3ccc(NC(=O)c4ccccc4)cc3)ncnc2cc1OCCCN1CCOCC1,Aurora-A_056,7
COc1cc2c(Nc3cnc(NC(=O)c4cccc(Cl)c4)nc3)ncnc2cc1OCCCN1CCCCC1,Aurora-A_057,7
COC(C(=O)N1Cc2[nH]nc(NC(=O)c3ccc(N4CCN(C)CC4)cc3)c2C1)c1ccccc1,Aurora-A_058,14
CC(C(=O)N1Cc2[nH]nc(NC(=O)c3ccc(N4CCN(C)CC4)cc3)c2C1)c1ccccc1,Aurora-A_059,14
COC(C(=O)N1Cc2n[nH]c(NC(=O)c3ccc(N4CCN(C)CC4)cc3)c2C1)c1ccccc1,Aurora-A_060,14
CC(C(=O)N1Cc2[nH]nc(NC(=O)c3ccc(N4CCN(C)CC4)cc3)c2C1)c1ccccc1,Aurora-A_061,14
CN1CCN(c2ccc(C(=O)Nc3n[nH]c4c3CN(C(=O)C(O)c3ccccc3)C4)cc2)CC1,Aurora-A_062,14
CN1CCN(c2ccc(C(=O)Nc3n[nH]c4c3CN(C(=O)C(F)c3ccccc3)C4)cc2)CC1,Aurora-A_063,14
COc1cc2c(Nc3cnc(NC(=O)c4ccc(Cc5ccccc5)c(Br)c4)nc3)ncnc2cc1OCCCN1CCOCC1,Aurora-A_064,7
COc1cc2c(Nc3cnc(NC(=O)c4ccccc4)nc3)ncnc2cc1OCC(O)CN1CCCCC1,Aurora-A_065,7
CCCN(CCC)S(=O)(=O)c1ncc(C(=O)Nc2ncc(Nc3ncnc4cc(OCCCN5CCOCC5)c(OC)cc34)cn2)cn1,Aurora-A_066,7
CC(CO)NC(=N)c1c(Nc2ccc(Nc3ccccc3)cc2)s[nH]c1=O,Aurora-A_067,0
CC(CO)/N=C(\N)c1c(Nc2ccc(Oc3ccccc3)cc2)s[nH]c1=O,Aurora-A_068,0
c1cc(N2CCOCC2)ccc1Nc1ncc2ccn(C3CCCCC3)c2n1,Aurora-A_069,21
COCCN1CCN(c2ccc(Nc3ncc4ccn(C5CCCCC5)c4n3)cc2)CC1,Aurora-A_070,21
O=C(O)Cc1cccc(Nc2ncc3ccn(C4CCCCC4)c3n2)c1,Aurora-A_071,21
O=S1(=O)CCN(c2ccc(Nc3ncc4ccn(C5CCCCC5)c4n3)cc2)CC1,Aurora-A_072,21
CN1CCN(c2ccc(Nc3ncc4ccn(C5CC6CCC5C6)c4n3)cc2)CC1,Aurora-A_073,21
COc1cccc(-n2ccc3cnc(Nc4ccc(N5CCN(C)CC5)cc4)nc32)c1,Aurora-A_074,21
CN1CCN(c2ccc(Nc3ncc4ccn(-c5cccnc5)c4n3)cc2)CC1,Aurora-A_075,21
CN1CCN(c2ccc(Nc3ncc4ccn(C5CCCCC5)c4n3)cc2)CC1,Aurora-A_076,21
CN1CCN(c2ccc(Nc3ncc4ccn(-c5cccc(S(C)(=O)=O)c5)c4n3)cc2)CC1,Aurora-A_077,7
CN1CCN(c2ccc(Nc3ncc4ccn(C5Cc6ccccc6C5)c4n3)cc2)CC1,Aurora-A_078,21
COc1cc(C2=C(c3c[nH]c4ccccc34)C(=O)NC2=O)cc(OC)c1OC,Aurora-A_079,19
O=C(Nc1cccc(Nc2nccc(Nc3cccc(C(F)(F)F)c3)n2)c1)C1CC1,Aurora-A_080,21
O=C(Nc1cccc(Nc2ccnc(Nc3cccc(C(F)(F)F)c3)n2)c1)C1CC1,Aurora-A_081,21
CNc1ncnc(-c2cccnc2Oc2ccc(F)c(C(=O)Nc3cc(C(F)(F)F)ccc3N(C)CCCN(C)C)c2)n1,Aurora-A_082,0
CO/N=C1/C(c2c(O)[nH]c3ccccc23)=Nc2ccccc21,Aurora-A_083,19
O=Nc1c(-c2c(O)[nH]c3ccccc23)[nH]c2ccccc12,Aurora-A_084,23
O=C1Nc2cc(Br)ccc2/C1=C1/Nc2ccccc2/C1=N\O,Aurora-A_085,3
CC(=O)O/N=C1/C(c2c(O)[nH]c3ccccc23)=Nc2ccccc21,Aurora-A_086,19
O=Nc1c(-c2c(O)[nH]c3c(Br)cccc23)[nH]c2ccccc12,Aurora-A_087,23
O=Nc1c(-c2c(O)[nH]c3c(F)cccc23)[nH]c2ccccc12,Aurora-A_088,23
CC(=O)O/N=C1C(=C2/C(=O)Nc3c(F)cccc32)/Nc2ccccc2/1,Aurora-A_089,3
O=C(NC1CCC(O)CC1)c1ccc2c(c1)Cc1c(-c3ccc(-c4ccc(O)cc4)cc3)n[nH]c1-2,Aurora-A_090,3
CC(C)NCc1ccc(Nc2cc(-c3ccc(-c4ccc(O)cc4O)cc3)[nH]n2)cc1,Aurora-A_091,23
CN(C)c1ccc(-c2nc3c(N4CCN(CC(=O)Nc5nccs5)CC4)c(Cl)cnc3[nH]2)cc1,Aurora-A_092,23
CN(C)c1ccc(-c2nc3c(N4CCN(CC(=O)Nc5nccs5)CC4)ccnc3[nH]2)cc1,Aurora-A_093,23
CN(C)c1ccc(-c2nc3c(Cl)ccnc3[nH]2)cc1,Aurora-A_094,23
Cc1ccnc2[nH]c(-c3ccc(N(C)C)cc3)nc12,Aurora-A_095,23
CN(C)c1ccc(-c2nc3c(Cl)c(Cl)cnc3[nH]2)cc1,Aurora-A_096,23
CC(=O)c1cccc(-c2cnc3[nH]c(-c4ccc(N(C)C)cc4)nc3c2)c1,Aurora-A_097,23
COc1ccc(-c2cnc3[nH]c(-c4ccc(N(C)C)cc4)nc3c2)cc1,Aurora-A_098,23
Cc1cnc2[nH]c(-c3ccc(N(C)C)cc3)nc2c1,Aurora-A_099,23
CC(C)(C)c1nc(-c2ccc(F)cc2)c(-c2ccncc2)[nH]1,B-raf_000,23
OCc1cccc(-c2[nH]c(-c3ccccc3)nc2-c2ccncc2)c1,B-raf_001,23
Oc1ccc(-c2[nH]c(-c3ccccc3)nc2-c2ccncc2)cc1,B-raf_002,23
CC(C)(CNC(=O)Nc1ccc(Cl)cc1)c1nc(-c2ccc(Cl)c(O)c2)c(-c2ccncc2)[nH]1,B-raf_003,23
CC(C)(CNS(C)(=O)=O)c1nc(-c2ccc(Cl)c(O)c2)c(-c2ccncc2)[nH]1,B-raf_004,23
CN(C)CCCNC(=O)c1nc(-c2ccc(Cl)c(O)c2)c(-c2ccncc2)[nH]1,B-raf_005,1
CC(C)(CN)c1nc(-c2ccc(Cl)c(O)c2)c(-c2ccncc2)[nH]1,B-raf_006,23
NCc1ccc(-c2nc(-c3ccc(Cl)c(O)c3)c(-c3ccncc3)[nH]2)cc1,B-raf_007,23
Oc1cc(-c2[nH]cnc2-c2ccncc2)ccc1Cl,B-raf_008,23
Oc1cc(-c2[nH]c(-c3ccco3)nc2-c2ccncc2)ccc1Cl,B-raf_009,23
Oc1cc(-c2[nH]c(-c3cccnc3)nc2-c2ccncc2)ccc1Cl,B-raf_010,23
CC(C)(C)c1nc(-c2ccc(Cl)c(O)c2)c(-c2ccncc2)[nH]1,B-raf_011,23
Oc1cc(-c2nc(-c3ccccc3)[nH]c2-c2ccncc2)ccc1Cl,B-raf_012,23
COc1cc(Nc2cncc(-c3cccc(NC(C)=O)c3)n2)cc(OC)c1OC,B-raf_013,4
CNC(=O)c1cc(Oc2ccc(NC(=O)Nc3ccc(Cl)c(C(F)(F)F)c3)cc2)ccn1,B-raf_014,0
CC(=O)Nc1cccc(-c2cncc(NCc3ccc(F)c(Cl)c3)n2)c1,B-raf_015,4
CC(=O)Nc1cccc(-c2cncc(NCc3ccoc3)n2)c1,B-raf_016,4
CC(=O)Nc1cccc(-c2cncc(NCc3cccc(F)c3)n2)c1,B-raf_017,4
COc1ccc(OCCNc2cncc(-c3cccc(NC(C)=O)c3)n2)cc1,B-raf_018,4
CC(=O)Nc1cccc(-c2cncc(NCCOc3ccccc3)n2)c1,B-raf_019,4
CC(=O)Nc1cccc(-c2cncc(NCCc3ccccc3)n2)c1,B-raf_020,4
CC(=O)Nc1cccc(-c2cncc(NCc3ccccc3)n2)c1,B-raf_021,4
CC(=O)Nc1cccc(-c2cncc(NCc3cc(C)[nH]n3)n2)c1,B-raf_022,4
CC(=O)Nc1cccc(-c2cncc(NCc3cc(C)on3)n2)c1,B-raf_023,4
CC(=O)Nc1cccc(-c2cncc(NCc3ccc4c(c3)OCO4)n2)c1,B-raf_024,4
CC(=O)Nc1cccc(-c2cncc(NCc3ccc4c(c3)OCCO4)n2)c1,B-raf_025,4
CC(=O)Nc1cccc(-c2cncc(Nc3nc(C(C)(C)C)cs3)n2)c1,B-raf_026,4
CC(=O)Nc1cccc(-c2cncc(Nc3cc(Cl)nc(Cl)c3)n2)c1,B-raf_027,4
CC(=O)Nc1cccc(-c2cncc(Nc3ccc4c(c3)C(=O)OC4)n2)c1,B-raf_028,4
CC(=O)Nc1cccc(-c2cncc(Nc3ccc4c(c3)OC(F)(F)O4)n2)c1,B-raf_029,4
CC(=O)Nc1cccc(-c2cncc(Nc3ccc4c(c3)OC(F)(F)C(F)(F)O4)n2)c1,B-raf_030,4
CC(=O)Nc1cccc(-c2cncc(Nc3ccc4c(c3)OCCCO4)n2)c1,B-raf_031,4
CC(=O)Nc1cccc(-c2cncc(Nc3ccc4c(c3)OCCO4)n2)c1,B-raf_032,4
CC(=O)Nc1cccc(-c2cncc(Nc3ccc4c(c3)OCO4)n2)c1,B-raf_033,4
CC(=O)Nc1cccc(-c2cncc(Nc3ccc(N4CCOCC4)cc3)n2)c1,B-raf_034,4
CC(=O)Nc1cccc(-c2cncc(Nc3ccc(S(=O)(=O)N4CCOCC4)cc3)n2)c1,B-raf_035,4
CC(=O)Nc1cccc(-c2cncc(Nc3cccc(-c4cnco4)c3)n2)c1,B-raf_036,4
CC(=O)Nc1cccc(-c2cncc(Nc3ccc(OC(F)(F)F)cc3)n2)c1,B-raf_037,4
CC(=O)Nc1cccc(-c2cncc(Nc3cccc(O)c3)n2)c1,B-raf_038,4
CC(=O)Nc1cccc(-c2cncc(Nc3cccc(Cl)c3)n2)c1,B-raf_039,4
COc1ccc(Nc2cncc(-c3cccc(NC(C)=O)c3)n2)c(OC)c1,B-raf_040,4
COc1ccc(Nc2cncc(-c3cccc(NC(C)=O)c3)n2)cc1OC,B-raf_041,4
COc1cc(Nc2cncc(-c3cccc(NC(C)=O)c3)n2)cc(OC)c1,B-raf_042,4
COc1ccc(Nc2cncc(-c3cccc(NC(C)=O)c3)n2)cc1,B-raf_043,4
CC(=O)Nc1cccc(-c2cncc(Nc3cccc(OCCN)c3)n2)c1,B-raf_044,4
COc1cccc(Nc2cncc(-c3cccc(NC(C)=O)c3)n2)c1,B-raf_045,4
COc1ccccc1Nc1cncc(-c2cccc(NC(C)=O)c2)n1,B-raf_046,4
CC(=O)Nc1cccc(-c2cncc(Nc3ccccc3)n2)c1,B-raf_047,4
COc1cc(CNc2cncc(-c3cccc(NC(C)=O)c3)n2)cc(OC)c1OC,B-raf_048,4
CC(=O)Nc1cccc(-c2cncc(NCCCc3ccccc3)n2)c1,B-raf_049,4
CC(=O)Nc1cccc(-c2cncc(NN(C)c3ccccc3)n2)c1,B-raf_050,4
NC(=O)c1cc(CNc2ccccc2C(=O)Nc2ccc3c(c2)OC(F)(F)O3)ccn1,B-raf_051,0
CNC(=O)Nc1ccc(CNc2ncsc2C(=O)Nc2ccc3c(c2)OC(F)(F)O3)cn1,B-raf_052,0
CCNC(=O)Nc1ccc(CNc2ncsc2C(=O)Nc2ccc3c(c2)OC(F)(F)O3)cn1,B-raf_053,0
CNC(=O)Nc1ccc(CNc2c(C(=O)Nc3ccc(SC(F)(F)F)cc3)cnn2C)cn1,B-raf_054,0
CNC(=O)Nc1ccc(CNc2c(C(=O)Nc3ccc4c(c3)OC(F)(F)C(F)(F)O4)cnn2C)cn1,B-raf_055,0
CNC(=O)c1cc(CNc2ccsc2C(=O)Nc2ccc3c(c2)OC(F)(F)O3)ccn1,B-raf_056,0
CNC(=O)c1cc(CNc2c(C(=O)Nc3ccc4c(c3)OC(F)(F)O4)cnn2C)ccn1,B-raf_057,0
O=C(Nc1ccc2c(c1)OC(F)(F)C(F)(F)O2)c1ncsc1NCc1ccncc1,B-raf_058,0
CNC(=O)c1cc(CNc2ncsc2C(=O)Nc2ccc3c(c2)OC(F)(F)C(F)(F)O3)ccn1,B-raf_059,0
CNC(=O)c1cc(CNc2ncsc2C(=O)Nc2ccc3c(c2)OC(F)(F)O3)ccn1,B-raf_060,0
O=C(NCc1ccccc1)Nc1cc(CNc2ccccc2C(=O)Nc2ccc3c(c2)OC(F)(F)O3)ccn1,B-raf_061,0
O=C(Nc1ccc2c(c1)CCC2)Nc1cc(CNc2ccccc2C(=O)Nc2ccc3c(c2)OC(F)(F)O3)ccn1,B-raf_062,0
O=C(Nc1ccccc1)Nc1cc(CNc2ccccc2C(=O)Nc2ccc3c(c2)OC(F)(F)O3)ccn1,B-raf_063,0
CCNC(=O)Nc1cc(CNc2ccccc2C(=O)Nc2ccc3c(c2)OC(F)(F)O3)ccn1,B-raf_064,0
CNC(=O)Nc1cc(CNc2ccccc2C(=O)Nc2ccc3c(c2)OC(F)(F)O3)ccn1,B-raf_065,0
O=C(Nc1ccc2c(c1)OC(F)(F)O2)c1ccccc1NCc1ccnc(NCCc2cnc[nH]2)c1,B-raf_066,0
O=C(Nc1ccc2c(c1)OC(F)(F)O2)c1ccccc1NCc1ccnc(NCCCn2ccnc2)c1,B-raf_067,0
O=C(Nc1ccc2c(c1)OC(F)(F)O2)c1ccccc1NCc1ccnc(NCCOCCO)c1,B-raf_068,0
O=C(Nc1ccc2c(c1)OC(F)(F)O2)c1ccccc1NCc1ccnc(NCCCO)c1,B-raf_069,0
COCCCNc1cc(CNc2ccccc2C(=O)Nc2ccc3c(c2)OC(F)(F)O3)ccn1,B-raf_070,0
O=C(Nc1ccc2c(c1)OC(F)(F)O2)c1ccccc1NCc1ccnc(NCCO)c1,B-raf_071,0
COCCNc1cc(CNc2ccccc2C(=O)Nc2ccc3c(c2)OC(F)(F)O3)ccn1,B-raf_072,0
CNc1cc(CNc2ccccc2C(=O)Nc2ccc3c(c2)OC(F)(F)O3)ccn1,B-raf_073,0
Nc1cc(CNc2ccccc2C(=O)Nc2ccc3c(c2)OC(F)(F)O3)ccn1,B-raf_074,0
CN(C)c1nccc(CNc2ccccc2C(=O)Nc2ccc3c(c2)OC(F)(F)O3)n1,B-raf_075,0
CNc1nccc(CNc2ccccc2C(=O)Nc2ccc3c(c2)OC(F)(F)O3)n1,B-raf_076,0
CS(=O)(=O)Nc1cc(CNc2ccccc2C(=O)Nc2ccc3c(c2)OC(F)(F)O3)ccn1,B-raf_077,0
O=C(Nc1ccc2c(c1)OC(F)(F)O2)c1ccccc1NCc1ccnc(C2=NCCN2)c1,B-raf_078,0
NC(=S)c1cc(CNc2ccccc2C(=O)Nc2ccc3c(c2)OC(F)(F)O3)ccn1,B-raf_079,0
N#Cc1cc(CNc2ccccc2C(=O)Nc2ccc3c(c2)OC(F)(F)O3)ccn1,B-raf_080,0
CC(=O)Nc1cc(CNc2ccccc2C(=O)Nc2ccc3c(c2)OC(F)(F)O3)ccn1,B-raf_081,0
O=C(NCCO)c1cc(CNc2ccccc2C(=O)Nc2ccc3c(c2)OC(F)(F)O3)ccn1,B-raf_082,0
COCCCNC(=O)c1cc(CNc2ccccc2C(=O)Nc2ccc3c(c2)OC(F)(F)O3)ccn1,B-raf_083,0
COCCNC(=O)c1cc(CNc2ccccc2C(=O)Nc2ccc3c(c2)OC(F)(F)O3)ccn1,B-raf_084,0
CS(=O)(=O)CCNC(=O)c1cc(CNc2ccccc2C(=O)Nc2ccc3c(c2)OC(F)(F)O3)ccn1,B-raf_085,0
O=C(NC1CC1)c1cc(CNc2ccccc2C(=O)Nc2ccc3c(c2)OC(F)(F)O3)ccn1,B-raf_086,0
O=C(NCCCN1CCOCC1)c1cc(CNc2ccccc2C(=O)Nc2ccc3c(c2)OC(F)(F)O3)ccn1,B-raf_087,0
CCN(CC)CCCNC(=O)c1cc(CNc2ccccc2C(=O)Nc2ccc3c(c2)OC(F)(F)O3)ccn1,B-raf_088,0
CCN(CC)CCNC(=O)c1cc(CNc2ccccc2C(=O)Nc2ccc3c(c2)OC(F)(F)O3)ccn1,B-raf_089,0
CCNC(=O)c1cc(CNc2ccccc2C(=O)Nc2ccc3c(c2)OC(F)(F)O3)ccn1,B-raf_090,0
CNC(=O)c1cc(CNc2ccccc2C(=O)Nc2ccc3c(c2)OC(F)(F)O3)ccn1,B-raf_091,0
O=C(Nc1ccc2c(c1)OC(F)(F)C(F)(F)O2)c1ccccc1NCc1ccncc1,B-raf_092,0
Cc1cccc(C)c1-n1c(=O)c2cnc(Nc3ccc(N4CCN(C)CC4)cc3)nc2n2c3ccccc3nc12,B-raf_093,7
O=C1NCCN1CCNc1nccc(-c2[nH]c(C3CC3)nc2-c2cc(Cl)ccc2Cl)n1,B-raf_094,23
CNc1nccc(-c2[nH]c(C3CC3)nc2-c2cccc(NS(=O)(=O)Cc3ccc(Cl)c(Cl)c3)c2)n1,B-raf_095,23
NC(=O)c1cccc(Nc2nccc(-c3[nH]c(C4CC4)nc3-c3cccc(NS(=O)(=O)Cc4ccc(Cl)c(Cl)c4)c3)n2)c1,B-raf_096,23
O=C(Cc1ccc(Cl)cc1)Nc1cccc(-c2nc(C3CC3)[nH]c2-c2ccnc(NCCN3CCNC3=O)n2)c1,B-raf_097,23
CNc1nccc(-c2[nH]c(C3CC3)nc2-c2cccc(NC(=O)Cc3ccc(Cl)cc3)c2)n1,B-raf_098,23
NC(=O)c1cccc(Nc2nccc(-c3[nH]c(C4CC4)nc3-c3cccc(NC(=O)Cc4ccc(Cl)cc4)c3)n2)c1,B-raf_099,21
Fc1ccc(-c2[nH]c(-c3ccc(F)cc3)c3c2C2CCC3CC2)cc1,COX-1_000,11
NS(=O)(=O)c1ccc(-n2cccc2-c2ccc(F)cc2)cc1,COX-1_001,22
CC(C(=O)O)c1ccc2c(c1)[nH]c1ccc(Cl)cc12,COX-1_002,15
Cc1c(Br)cc(-c2ccc(S(C)(=O)=O)cc2)n1-c1ccc(F)cc1,COX-1_003,22
COc1ccc(-c2ccc(CCC(=O)O)n2-c2ccc(C(C)=O)cc2)cc1,COX-1_004,22
Fc1ccc(-c2[nH]c(-c3ccc(F)cc3)c3c2C2CCC3C2)cc1,COX-1_005,11
Cc1c(Cl)cc(-c2ccc(S(C)(=O)=O)cc2)n1-c1ccc(F)cc1,COX-1_006,22
CC1(C)C(=O)C(c2ccc(F)cc2)=C1c1ccc(S(C)(=O)=O)cc1,COX-1_007,8
C=C1CC(c2ccc(S(C)(=O)=O)cc2)=C1c1ccccc1,COX-1_008,8
C=C1C(c2ccccc2)=C(c2ccc(S(C)(=O)=O)cc2)C1(C)C,COX-1_009,8
CC(C(=O)O)c1ccc(CC2CCCC2O)cc1,COX-1_010,15
CS(=O)(=O)c1ccc(C2=C(c3ccccc3)C(=O)C2)cc1,COX-1_011,8
CC1(C)C(=O)C(c2ccccc2)=C1c1ccc(S(C)(=O)=O)cc1,COX-1_012,8
CC(C(=O)O)c1ccc(CC2CCCC2O)cc1,COX-1_013,15
CS(=O)(=O)c1ccc(C2=C(c3ccccc3)C(=O)OC2)cc1,COX-1_014,8
CC1(C)C(c2ccc(S(C)(=O)=O)cc2)=C(c2ccccc2)/C1=N\O,COX-1_015,8
CS(=O)(=O)c1ccc(-c2cc(Br)sc2-c2ccc(F)cc2)cc1,COX-1_016,22
COc1ccc2c(c1)c(CC(=O)O)c(C)n2C(=O)c1ccc(Cl)cc1,COX-1_017,19
CS(=O)(=O)c1ccc(C2=C(c3ccc(F)cc3)CC3(CC3)C2)cc1,COX-1_018,8
CC1(C)C(c2ccc(S(C)(=O)=O)cc2)=C(c2ccccc2)C1O,COX-1_019,8
Cc1ccc(-c2cc(C(F)(F)F)nn2-c2ccc(S(N)(=O)=O)cc2)cc1,COX-1_020,3
CC(C(=O)O)c1ccc(CC2CCCC2=O)cc1,COX-1_021,15
CC(C(=O)O)c1ccc(CC2CCCC2O)cc1,COX-1_022,15
CC(C(=O)O)c1ccc(CC2CCCC2O)cc1,COX-1_023,15
CC1(C)C(=O)C(c2ccc(S(C)(=O)=O)cc2)=C1c1ccccc1,COX-1_024,8
CS(=O)(=O)c1ccc(C2=C(c3ccccc3)C(=O)C23CCCC3)cc1,COX-1_025,8
CS(=O)(=O)c1ccc(C2=C(c3ccc(F)c(F)c3)C(=O)OC2)cc1,COX-1_026,8
Clc1ccc(-c2nn(-c3ccccc3)c3c2CCCC3)cc1,COX-1_027,3
COc1ccc(-c2nn(-c3ccccc3)c3c2CCCCC3)cc1,COX-1_028,3
COc1ccc(-c2c(Cl)ncn2-c2ccc(S(C)(=O)=O)cc2)c(F)c1,COX-1_029,20
CCOc1ccc(-c2c(Cl)ncn2-c2ccc(S(N)(=O)=O)cc2)cc1,COX-1_030,20
CS(=O)(=O)c1ccc(-n2cnc(Cl)c2-c2ccc3c(c2)CCO3)cc1,COX-1_031,20
NS(=O)(=O)c1ccc(-n2cnc(Cl)c2-c2cc(Cl)cc(Cl)c2)cc1,COX-1_032,20
CS(=O)(=O)c1ccc(-n2cnc(Cl)c2-c2ccccc2F)cc1,COX-1_033,20
CSc1ccc(-c2c(Cl)ncn2-c2ccc(S(C)(=O)=O)cc2)cc1,COX-1_034,20
CCOc1ccncc1-c1c(Cl)ncn1-c1ccc(S(C)(=O)=O)cc1,COX-1_035,20
NS(=O)(=O)c1ccc(-n2cnc(Cl)c2-c2ccccc2)cc1,COX-1_036,20
c1ccc(-c2nn(-c3ccccc3)c3c2CCCCC3)cc1,COX-1_037,3
Clc1ccc(-c2nn(-c3ccccc3)c3c2CCC3)cc1,COX-1_038,3
c1ccc(-c2nn(-c3ccccc3)c3c2CCCC3)cc1,COX-1_039,3
Clc1ccc(-c2nn(-c3ccccc3)c3c2CCCCC3)cc1,COX-1_040,3
COc1ccc(-c2c(Cl)ncn2-c2ccc(S(N)(=O)=O)cc2)cc1F,COX-1_041,20
COc1ccc(-c2c(Cl)ncn2-c2ccc(S(N)(=O)=O)cc2)cc1Cl,COX-1_042,20
CS(=O)(=O)c1ccc(-n2cnc(Cl)c2-c2ccc(F)cc2F)cc1,COX-1_043,20
CCOc1ccc(-c2c(Cl)ncn2-c2ccc(S(N)(=O)=O)cc2)cc1F,COX-1_044,20
CS(=O)(=O)c1ccc(-n2nc(-c3ccc(Cl)cc3)c3c2CCCCC3)cc1,COX-1_045,3
COc1ccc(-c2c(Cl)ncn2-c2ccc(S(C)(=O)=O)cc2)cc1,COX-1_046,20
CS(=O)(=O)c1ccc(-n2cnc(Cl)c2-c2cccc(Cl)c2Cl)cc1,COX-1_047,20
Cc1cc(-c2c(Cl)ncn2-c2ccc(S(C)(=O)=O)cc2)ccc1Cl,COX-1_048,20
CN(C)c1ccc(-c2c(Cl)ncn2-c2ccc(S(C)(=O)=O)cc2)cc1Cl,COX-1_049,20
NS(=O)(=O)c1ccc(-n2cnc(Cl)c2-c2ccc(F)cc2)cc1,COX-1_050,20
Cc1ccc(-c2c(Cl)ncn2-c2ccc(S(N)(=O)=O)cc2)cc1,COX-1_051,20
CCOc1ccc(-c2c(Cl)ncn2-c2ccc(S(N)(=O)=O)cc2)cc1Cl,COX-1_052,20
CC(O)CN1c2ccccc2Sc2ccccc21,COX-1_053,15
CS(=O)(=O)c1ccc(-n2cc(C(F)(F)F)nc2-c2ccc3c(c2)OCO3)cc1,COX-1_054,9
NS(=O)(=O)c1ccc(-n2cc(C(F)(F)F)nc2-c2cccs2)cc1,COX-1_055,9
CS(=O)(=O)c1ccc(-n2cc(C(F)(F)F)nc2-c2cc3ccccc3cn2)cc1,COX-1_056,9
Cc1nc(-c2ccc(F)cc2)c(-c2ccc(S(N)(=O)=O)cc2)o1,COX-1_057,22
Cc1nc(C2CCCCC2)c(-c2ccc(S(N)(=O)=O)cc2)o1,COX-1_058,22
Cc1nc(-c2ccc(Cl)s2)c(-c2ccc(S(C)(=O)=O)cc2)o1,COX-1_059,22
Cc1nc(-c2ccc(S(C)(=O)=O)cc2)c(-c2ccc(Cl)s2)o1,COX-1_060,22
Cc1nc(-c2ccc(Cl)s2)c(-c2ccc(S(N)(=O)=O)cc2)o1,COX-1_061,22
CCc1nc(C2CCCCC2)c(-c2ccc(S(C)(=O)=O)cc2)o1,COX-1_062,22
CC(S)CN1c2ccccc2Sc2ccccc21,COX-1_063,15
Cc1ccc(-c2nc(C(F)(F)F)cn2-c2ccc(S(N)(=O)=O)cc2)cn1,COX-1_064,9
Cc1nc(-c2ccc(C)s2)c(-c2ccc(S(C)(=O)=O)cc2)o1,COX-1_065,22
CS(=O)(=O)c1ccc(-n2cc(C(F)(F)F)nc2-c2cnc3ccccc3c2)cc1,COX-1_066,9
Cc1nc(-c2ccc(F)cc2)c(-c2ccc(S(C)(=O)=O)cc2)o1,COX-1_067,22
Cc1cccc(-c2nc(C(F)(F)F)cn2-c2ccc(S(C)(=O)=O)cc2)c1,COX-1_068,9
Cc1ccnc(-c2nc(C(F)(F)F)cn2-c2ccc(S(N)(=O)=O)cc2)c1,COX-1_069,9
COc1ccc(-c2nc(C(F)(F)F)cn2-c2ccc(S(C)(=O)=O)cc2)cn1,COX-1_070,9
Cc1ccc(-c2nc(C(F)(F)F)cn2-c2ccc(S(C)(=O)=O)cc2)cc1,COX-1_071,9
CS(=O)(=O)Nc1ccc([N+](=O)[O-])cc1Oc1ccccc1,COX-1_072,15
CS(=O)(=O)c1ccc(-c2sc(-c3ccccc3Cl)nc2-c2ccc(F)cc2F)cc1,COX-1_073,22
CC(C(=O)O)c1cccc(C(=O)c2ccccc2)c1,COX-1_074,15
CS(=O)(=O)c1ccc(-c2nc(C(F)(F)F)sc2-c2ccc(F)cc2)cc1,COX-1_075,22
CC(C(=O)O)c1cc(C(=O)c2ccccc2)ccc1O,COX-1_076,15
COc1ccc(C(=O)c2ccccc2)cc1C(C)C(=O)O,COX-1_077,15
CCc1nc(-c2ccc(F)cc2)c(-c2ccc(S(C)(=O)=O)cc2)s1,COX-1_078,22
NS(=O)(=O)c1ccc(-n2nc(C(F)(F)F)c3c2-c2cc(F)c(F)cc2CS3)cc1,COX-1_079,3
N#Cc1nn(-c2ccc(S(N)(=O)=O)cc2)c2c1SCc1cc(F)ccc1-2,COX-1_080,3
CC1(Cn2ncc(-c3ccc(S(C)(=O)=O)cc3)c(-c3ccc(F)cc3)c2=O)CC1,COX-1_081,22
CC(C)S(=O)(=O)c1c(O)n(Cc2ccc(F)c(F)c2)c(=O)c2ccc(Cl)cc12,COX-1_082,3
CS(=O)(=O)c1ccc(-c2cnn(Cc3ccccc3)c(=O)c2Oc2ccc(Cl)cn2)cc1,COX-1_083,22
CS(=O)(=O)c1ccc(-c2cnn(Cc3ccccc3)c(=O)c2Sc2ccccc2)cc1,COX-1_084,22
CC1(C)CC1Cn1ncc(-c2ccc(S(C)(=O)=O)cc2)c(-c2ccc(F)cc2)c1=O,COX-1_085,22
NS(=O)(=O)c1ccc(-n2nc(C(F)(F)F)c3c2-c2ccccc2CS3)cc1,COX-1_086,3
CS(=O)(=O)c1ccc(-c2cnn(Cc3cccs3)c(=O)c2-c2ccc(F)cc2)cc1,COX-1_087,22
CS(=O)(=O)c1ccc(-c2cnn(Cc3ccccc3)c(=O)c2OCC2CC2)cc1,COX-1_088,22
CC(C)S(=O)(=O)c1c(O)n(Cc2ccc(F)c(F)c2)c(=O)c2ccccc12,COX-1_089,3
CS(=O)(=O)c1ccc(-c2cnn(Cc3nccs3)c(=O)c2-c2ccc(F)cc2)cc1,COX-1_090,22
CC1CC1Cn1ncc(-c2ccc(S(C)(=O)=O)cc2)c(-c2ccc(F)cc2)c1=O,COX-1_091,22
CC(C)S(=O)(=O)c1c(O)n(Cc2ccc(F)cc2)c(=O)c2ccccc12,COX-1_092,3
Cc1cc2c(cc1F)-c1c(c(C(F)(F)F)nn1-c1ccc(S(N)(=O)=O)cc1)SC2,COX-1_093,3
CC(C)S(=O)(=O)c1c(O)n(Cc2ccccc2)c(=O)c2ccc(Cl)cc12,COX-1_094,3
NS(=O)(=O)c1ccc(-n2nc(C(F)(F)F)c3c2-c2ccccc2SC3)cc1,COX-1_095,3
COc1cc2c(cc1F)-c1c(c(C(F)(F)F)nn1-c1ccc(S(N)(=O)=O)cc1)SC2,COX-1_096,3
CC(C)=CCn1ncc(-c2ccc(S(C)(=O)=O)cc2)c(-c2ccc(F)cc2)c1=O,COX-1_097,22
CS(=O)(=O)c1ccc(-c2cnn(Cc3ccccc3)c(=O)c2Oc2ccc(F)cc2)cc1,COX-1_098,22
CC(C1CC1)n1ncc(-c2ccc(S(C)(=O)=O)cc2)c(-c2ccc(F)cc2)c1=O,COX-1_099,22
Cc1ccc(-c2ccc(S(C)(=O)=O)cc2)n1-c1ccccc1,COX-2_000,22
Cc1c(C=O)cc(-c2ccc(S(C)(=O)=O)cc2)n1-c1ccc(F)cc1,COX-2_001,22
Cc1c(COc2cccc(Cl)c2)cc(-c2ccc(S(C)(=O)=O)cc2)n1-c1ccc(F)cc1,COX-2_002,22
Fc1ccc(-c2[nH]c(-c3ccc(F)cc3)c3c2C2CCC3CC2)cc1,COX-2_003,11
CC(=O)c1cc(-c2ccc(S(C)(=O)=O)cc2)n(-c2ccc(F)cc2)c1C,COX-2_004,22
Cc1ccc(-n2c(C)ccc2-c2ccc(S(C)(=O)=O)cc2)cc1,COX-2_005,22
NS(=O)(=O)c1ccc(-n2cccc2-c2ccc(F)cc2)cc1,COX-2_006,22
Cc1c(CN(C)C)cc(-c2ccc(S(C)(=O)=O)cc2)n1-c1ccc(F)cc1,COX-2_007,22
CC(C(=O)O)c1ccc2c(c1)[nH]c1ccc(Cl)cc12,COX-2_008,15
Cc1c(Br)cc(-c2ccc(S(C)(=O)=O)cc2)n1-c1ccc(F)cc1,COX-2_009,22
CS(=O)(=O)c1ccc(-c2cccn2-c2ccc(F)cc2)cc1,COX-2_010,22
Cc1c(CO)cc(-c2ccc(S(C)(=O)=O)cc2)n1-c1ccc(F)cc1,COX-2_011,22
Cc1c(COc2ccc(Cl)cc2)cc(-c2ccc(S(C)(=O)=O)cc2)n1-c1ccc(F)cc1,COX-2_012,22
COc1ccc(-c2ccc(CCC(=O)O)n2-c2ccc(C(C)=O)cc2)cc1,COX-2_013,22
Cc1ccc(-c2ccc(S(C)(=O)=O)cc2)n1-c1ccc(F)c(F)c1,COX-2_014,22
Cc1ccc(-c2ccc(S(C)(=O)=O)cc2)n1-c1ccc(F)cc1,COX-2_015,22
Cc1c(C(=O)C(F)(F)F)cc(-c2ccc(S(C)(=O)=O)cc2)n1-c1ccc(F)cc1,COX-2_016,22
CS(=O)(=O)c1ccc(-n2cccc2-c2ccc(F)cc2)cc1,COX-2_017,22
Cc1c(C#N)cc(-c2ccc(S(C)(=O)=O)cc2)n1-c1ccc(F)cc1,COX-2_018,22
Cc1ccc(-c2ccc(S(C)(=O)=O)cc2)n1C1CCCCC1,COX-2_019,22
Cc1c(S(=O)(=O)C(F)(F)F)cc(-c2ccc(S(C)(=O)=O)cc2)n1-c1ccc(F)cc1,COX-2_020,22
Cc1c(C(=O)c2ccccc2)cc(-c2ccc(S(C)(=O)=O)cc2)n1-c1ccc(F)cc1,COX-2_021,22
Cc1c(C(O)C(F)(F)F)cc(-c2ccc(S(C)(=O)=O)cc2)n1-c1ccc(F)cc1,COX-2_022,22
Cc1ccc(-c2ccc(S(C)(=O)=O)cc2)n1-c1ccc(C(F)(F)F)cc1,COX-2_023,22
Fc1ccc(-c2[nH]c(-c3ccc(F)cc3)c3c2C2CCC3C2)cc1,COX-2_024,11
CC(=O)c1ccc(-n2c(C)ccc2-c2ccc(S(C)(=O)=O)cc2)cc1,COX-2_025,22
Cc1c(Cl)cc(-c2ccc(S(C)(=O)=O)cc2)n1-c1ccc(F)cc1,COX-2_026,22
Cc1c(CC(F)(F)F)cc(-c2ccc(S(C)(=O)=O)cc2)n1-c1ccc(F)cc1,COX-2_027,22
CC(=O)OCc1cc(-c2ccc(S(C)(=O)=O)cc2)n(-c2ccc(F)cc2)c1C,COX-2_028,22
CN(C)S(=O)(=O)c1ccc(-n2c(CCC(=O)O)ccc2-c2ccc(F)cc2)cc1,COX-2_029,22
CC1(C)C(=O)C(c2ccc(F)cc2)=C1c1ccc(S(C)(=O)=O)cc1,COX-2_030,8
C=C1CC(c2ccc(S(C)(=O)=O)cc2)=C1c1ccccc1,COX-2_031,8
C=C1C(c2ccccc2)=C(c2ccc(S(C)(=O)=O)cc2)C1(C)C,COX-2_032,8
COC(=O)c1cc2cc(S(C)(=O)=O)ccc2n1C(=O)c1ccc(Cl)cc1,COX-2_033,19
CCCCSc1ccccc1OC(C)=O,COX-2_034,15
CC(C(=O)O)c1ccc(CC2CCCC2O)cc1,COX-2_035,15
CCCCC#CCSc1ccccc1OC(=O)CBr,COX-2_036,15
CCCCCCCSc1ccccc1OC(C)=O,COX-2_037,15
CS(=O)(=O)c1ccc(C2=C(c3ccccc3)C(=O)C2)cc1,COX-2_038,8
CC1(C)C(=O)C(c2ccccc2)=C1c1ccc(S(C)(=O)=O)cc1,COX-2_039,8
CC(C(=O)O)c1ccc(CC2CCCC2O)cc1,COX-2_040,15
CS(=O)(=O)c1ccc(C2=C(c3ccccc3)C(=O)OC2)cc1,COX-2_041,8
CC1(C)C(c2ccc(S(C)(=O)=O)cc2)=C(c2ccccc2)/C1=N\O,COX-2_042,8
CS(=O)(=O)c1ccc(-c2cc(Br)sc2-c2ccc(F)cc2)cc1,COX-2_043,22
CCCCC#CCSc1ccccc1OC(C)=O,COX-2_044,15
COc1ccc2c(c1)c(CC(=O)O)c(C)n2C(=O)c1ccc(Cl)cc1,COX-2_045,19
CCCCCC#CCSc1ccccc1OC(C)=O,COX-2_046,15
CS(=O)(=O)c1ccc(C2=C(c3ccc(F)cc3)CC3(CC3)C2)cc1,COX-2_047,8
CC(=O)Oc1ccccc1SCCc1ccccc1,COX-2_048,15
CC(=O)Oc1ccccc1SCCCCCBr,COX-2_049,15
CC1(C)C(c2ccc(S(C)(=O)=O)cc2)=C(c2ccccc2)C1O,COX-2_050,8
Cc1ccc(-c2cc(C(F)(F)F)nn2-c2ccc(S(N)(=O)=O)cc2)cc1,COX-2_051,3
CCCCCSc1ccccc1OC(C)=O,COX-2_052,15
CC(=O)Oc1ccccc1SCCCCCCBr,COX-2_053,15
CCCSc1ccccc1OC(C)=O,COX-2_054,15
CCCC/C=C/CSc1ccccc1OC(C)=O,COX-2_055,15
CCCC#CCSc1ccccc1OC(C)=O,COX-2_056,15
CCCCCCSc1ccccc1OC(C)=O,COX-2_057,15
CC(=O)Oc1ccccc1SCCCCCCI,COX-2_058,15
CC(=O)Oc1ccccc1C(=O)O,COX-2_059,15
CC(C(=O)O)c1ccc(CC2CCCC2=O)cc1,COX-2_060,15
CC(C(=O)O)c1ccc(CC2CCCC2O)cc1,COX-2_061,15
CCCC#CCCSc1ccccc1OC(C)=O,COX-2_062,15
CC1(C)C(=O)C(c2ccc(S(C)(=O)=O)cc2)=C1c1ccccc1,COX-2_063,8
COC(=O)c1cc2cc(S(C)(=O)=O)ccc2n1Cc1ccc(Cl)cc1,COX-2_064,19
CC(=O)Oc1ccccc1SCCCCCC(=O)O,COX-2_065,15
CC#CCSc1ccccc1OC(C)=O,COX-2_066,15
CCC#CCSc1ccccc1OC(C)=O,COX-2_067,15
CS(=O)(=O)c1ccc(C2=C(c3ccccc3)C(=O)C23CCCC3)cc1,COX-2_068,8
CS(=O)(=O)c1ccc(C2=C(c3ccc(F)c(F)c3)C(=O)OC2)cc1,COX-2_069,8
CC(=O)OCCCCCSc1ccccc1OC(C)=O,COX-2_070,15
C#CCSc1ccccc1OC(C)=O,COX-2_071,15
CCCCOCCSc1ccccc1OC(C)=O,COX-2_072,15
CCCCC#CC(C)Sc1ccccc1OC(C)=O,COX-2_073,15
COC(=O)c1cc2cc(S(C)(=O)=O)ccc2n1Cc1ccc(Br)cc1,COX-2_074,19
COC(=O)c1cc2cc(S(C)(=O)=O)ccc2n1Cc1ccc(OC)cc1,COX-2_075,19
COc1ccc(NNC(=O)c2ccc(Cl)cc2)cc1,COX-2_076,15
COc1ccc(C(=O)NNc2ccc(Cl)cc2)cc1,COX-2_077,15
Cc1cccc(-c2nc(C(F)(F)F)cn2-c2ccc(S(N)(=O)=O)cc2)n1,COX-2_078,9
Cn1cc(-c2nc(C(F)(F)F)cn2-c2ccc(S(C)(=O)=O)cc2)c2ccccc21,COX-2_079,9
CS(=O)(=O)c1ccc(-n2cc(C(F)(F)F)nc2-c2cccs2)cc1,COX-2_080,9
Cc1cc(-c2nc(C(F)(F)F)cn2-c2ccc(S(N)(=O)=O)cc2)no1,COX-2_081,9
CS(=O)(=O)c1ccc(C2=C(c3ccc(F)cc3)CCC2)cc1,COX-2_082,8
COCc1ccc(C2=C(c3ccc(S(C)(=O)=O)cc3)CCC2)cc1,COX-2_083,8
COc1ccc(-c2cc(F)c(F)cc2-c2ccc(S(C)(=O)=O)cc2)cc1F,COX-2_084,22
CN(C)c1ccc(-c2cc(F)c(F)cc2-c2ccc(S(N)(=O)=O)cc2)cc1Cl,COX-2_085,23
N#Cc1cc(-c2ccc(F)cc2)n(-c2ccc(S(N)(=O)=O)cc2)n1,COX-2_086,3
NS(=O)(=O)c1ccc(-n2nc(C(F)(F)F)cc2-c2ccc(Br)s2)cc1,COX-2_087,3
NS(=O)(=O)c1ccc(C2=C(c3ccc(OC(F)(F)F)cc3)CC3(CC3)C2)cc1,COX-2_088,8
CCOc1ccc(-c2c(Cl)ncn2-c2ccc(S(C)(=O)=O)cc2)cc1,COX-2_089,20
O=C(NNc1ccc(Cl)cc1)c1ccc(Cl)cc1,COX-2_090,15
O=C(NNc1ccc(Cl)cc1)c1ccccc1,COX-2_091,15
CN(C)c1ccc(-c2nc(C(F)(F)F)cn2-c2ccc(S(C)(=O)=O)cc2)cc1F,COX-2_092,9
COc1cc(F)cc(-c2nc(C(F)(F)F)cn2-c2ccc(S(N)(=O)=O)cc2)c1,COX-2_093,9
CN(C)c1c(Cl)cc(-c2nc(C(F)(F)F)cn2-c2ccc(S(C)(=O)=O)cc2)cc1Cl,COX-2_094,9
Cc1cncc(-c2nc(C(F)(F)F)cn2-c2ccc(S(C)(=O)=O)cc2)c1,COX-2_095,9
Cc1ccc(-c2nc(C(F)(F)F)cn2-c2ccc(S(N)(=O)=O)cc2)nc1,COX-2_096,9
CS(=O)(=O)c1ccc(-c2cc(Cl)c(Cl)cc2-c2ccc(F)cc2)cc1,COX-2_097,22
Cc1ccncc1-c1cc(F)c(F)cc1-c1ccc(S(C)(=O)=O)cc1,COX-2_098,22
COc1ccc(-c2cc(C(F)(F)F)nn2-c2ccc(S(N)(=O)=O)cc2)cc1,COX-2_099,3
N#Cc1ccc(CCOC(=O)NC2CCN(CCCC(c3ccc(F)cc3)c3ccc(F)cc3)CC2)cc1,Cannabinoid_000,15
CCCCCCC(C)(C)c1ccc(C2CC(O)CCC2CCCO)c(O)c1,Cannabinoid_001,15
Cn1c(C(=O)NN2CCOCC2)nc(-c2ccc(Cl)cc2Cl)c1-c1ccc(Cl)cc1,Cannabinoid_002,1
Cn1c(C(=O)NC2CCCC2)nc(-c2ccc(Cl)cc2Cl)c1-c1ccc(Cl)cc1,Cannabinoid_003,1
Cn1c(C(=O)NC2CCCCCC2)nc(-c2ccc(Cl)cc2Cl)c1-c1ccc(Cl)cc1,Cannabinoid_004,1
CN(C(=O)c1nc(-c2ccc(Cl)cc2Cl)c(-c2ccc(Cl)cc2)n1C)C1CCCCC1,Cannabinoid_005,1
Cn1c(C(=O)Nc2ccccc2)nc(-c2ccc(Cl)cc2Cl)c1-c1ccc(Cl)cc1,Cannabinoid_006,1
CCn1c(C(=O)NC2CCCCC2)nc(-c2ccc(Cl)cc2Cl)c1-c1ccc(Cl)cc1,Cannabinoid_007,1
Cn1c(C(=O)NN2CCCCC2)nc(-c2ccc(Cl)cc2)c1-c1ccc(Cl)cc1Cl,Cannabinoid_008,1
Cn1c(C(=O)NC2CCCCC2)nc(-c2ccc(Cl)cc2)c1-c1ccc(Cl)cc1Cl,Cannabinoid_009,1
Cn1c(C(=O)NN2CCCCC2)nc(-c2ccc(Cl)cc2Cl)c1-c1ccc(Cl)cc1Cl,Cannabinoid_010,1
Cn1c(C(=O)NC2CCCCC2)nc(-c2ccc(Cl)cc2Cl)c1-c1ccc(Cl)cc1Cl,Cannabinoid_011,1
O=C(NN1CCCCC1)c1nc(-c2ccc(Cl)cc2)c(-c2ccc(Cl)cc2)o1,Cannabinoid_012,1
O=C(NC1CCCCC1)c1nc(-c2ccc(Cl)cc2)c(-c2ccc(Cl)cc2)o1,Cannabinoid_013,1
O=C(NN1CCCCC1)c1nc(-c2ccc(Cl)cc2Cl)c(-c2ccc(Cl)cc2)o1,Cannabinoid_014,1
O=C(NC1CCCCC1)c1nc(-c2ccc(Cl)cc2Cl)c(-c2ccc(Cl)cc2)o1,Cannabinoid_015,1
O=C(NN1CCCCC1)c1nc(-c2ccc(Cl)cc2)c(-c2ccc(Cl)cc2Cl)o1,Cannabinoid_016,1
O=C(NC1CCCCC1)c1nc(-c2ccc(Cl)cc2)c(-c2ccc(Cl)cc2Cl)o1,Cannabinoid_017,1
O=C(NC1CCCCC1)c1nc(-c2ccc(Cl)cc2Cl)c(-c2ccc(Cl)cc2Cl)o1,Cannabinoid_018,1
O=C(NN1CCCCC1)c1nc(-c2ccc(Cl)cc2Cl)c(-c2ccc(Cl)cc2Cl)o1,Cannabinoid_019,1
Cc1c(C(=O)NN2CCCCC2)nn(-c2ccc(Cl)cc2Cl)c1-c1ccc(Cl)cc1,Cannabinoid_020,3
CC(=O)C(Sc1nc(-c2ccccc2)c(-c2ccccc2)[nH]1)c1ccccc1,Cannabinoid_021,23
Cn1c(C(=O)NN2CCCCC2)nc(-c2ccccc2)c1-c1ccccc1,Cannabinoid_022,1
Cn1c(C(=O)N2CCCCC2)nc(-c2ccccc2)c1-c1ccccc1,Cannabinoid_023,1
Cn1c(C(=O)NC2CCCCC2)nc(-c2ccccc2)c1-c1ccccc1,Cannabinoid_024,1
Cc1ccc(-c2nc(C(=O)NN3CCCCC3)n(C)c2-c2ccc(C)cc2)cc1,Cannabinoid_025,1
Cc1ccc(-c2nc(C(=O)NC3CCCCC3)n(C)c2-c2ccc(C)cc2)cc1,Cannabinoid_026,1
Cc1ccc(-c2nc(C(=O)N3CCCCC3)n(C)c2-c2ccc(C)cc2)cc1,Cannabinoid_027,1
Cn1c(C(=O)NN2CCCCC2)nc(-c2ccc(Cl)cc2)c1-c1ccc(Cl)cc1,Cannabinoid_028,1
Cn1c(C(=O)NC2CCCCC2)nc(-c2ccc(Cl)cc2)c1-c1ccc(Cl)cc1,Cannabinoid_029,1
Cn1c(C(=O)N2CCCCC2)nc(-c2ccc(Cl)cc2)c1-c1ccc(Cl)cc1,Cannabinoid_030,1
Cn1c(C(=O)NN2CCOCC2)nc(-c2ccc(Cl)cc2)c1-c1ccc(Cl)cc1,Cannabinoid_031,1
CCCCCCNC(=O)c1nc(-c2ccc(Cl)cc2)c(-c2ccc(Cl)cc2)n1C,Cannabinoid_032,1
Cn1c(C(=O)NC(C)(C)C)nc(-c2ccc(Cl)cc2)c1-c1ccc(Cl)cc1,Cannabinoid_033,1
O=C(NN1CCCCC1)c1nc(-c2ccc(Cl)cc2)c(-c2ccc(Cl)cc2)[nH]1,Cannabinoid_034,1
O=C(NC1CCCCC1)c1nc(-c2ccc(Cl)cc2)c(-c2ccc(Cl)cc2)[nH]1,Cannabinoid_035,1
Cn1c(C(=O)NN2CCCCC2)nc(-c2ccc(Cl)cc2Cl)c1-c1ccc(Cl)cc1,Cannabinoid_036,1
Cn1c(C(=O)NC2CCCCC2)nc(-c2ccc(Cl)cc2Cl)c1-c1ccc(Cl)cc1,Cannabinoid_037,1
COc1ccc(-c2cc(C#N)c(OCc3ccccc3)nc2-c2ccc(N(C)C)cc2)cc1,Cannabinoid_038,11
N#Cc1cc(-c2ccccc2)c(-c2ccc(Cl)cc2)n(Cc2ccccc2)c1=O,Cannabinoid_039,11
N#Cc1cc(-c2ccc(Cl)cc2)c(-c2ccc(Cl)cc2Cl)n(Cc2ccccc2)c1=O,Cannabinoid_040,11
O=C(c1ccc(-c2ccc(Cl)cc2)c(-c2ccc(Cl)cc2Cl)n1)N1CCCCC1,Cannabinoid_041,1
CCCCCCNC(=O)c1ccc(-c2ccc(Cl)cc2)c(-c2ccc(Cl)cc2Cl)n1,Cannabinoid_042,1
CCCC(CCC)NC(=O)c1ccc(-c2ccc(Cl)cc2)c(-c2ccc(Cl)cc2Cl)n1,Cannabinoid_043,1
O=C(NC1CCCC1)c1ccc(-c2ccc(Cl)cc2)c(-c2ccc(Cl)cc2Cl)n1,Cannabinoid_044,1
O=C(NC1CCCCC1)c1ccc(-c2ccc(Cl)cc2)c(-c2ccc(Cl)cc2Cl)n1,Cannabinoid_045,1
O=C(NC1CCCCCC1)c1ccc(-c2ccc(Cl)cc2)c(-c2ccc(Cl)cc2Cl)n1,Cannabinoid_046,1
O=C(NN1CCCCC1)c1ccc(-c2ccc(Cl)cc2)c(-c2ccc(Cl)cc2Cl)n1,Cannabinoid_047,1
O=C(Nc1ccccc1)c1ccc(-c2ccc(Cl)cc2)c(-c2ccc(Cl)cc2Cl)n1,Cannabinoid_048,11
O=C(NCc1ccccc1)c1ccc(-c2ccc(Cl)cc2)c(-c2ccc(Cl)cc2Cl)n1,Cannabinoid_049,11
N#Cc1cc(-c2ccc(Cl)cc2)c(-c2ccc(Cl)cc2Cl)nc1OCc1cc(F)cc(F)c1,Cannabinoid_050,11
N#Cc1cc(-c2ccc(Cl)cc2)c(-c2ccc(Cl)cc2Cl)nc1OCc1ccc(F)cc1F,Cannabinoid_051,11
N#Cc1cc(-c2ccc(Cl)cc2)c(-c2ccc(Cl)cc2Cl)nc1OCc1ccc(F)c(F)c1,Cannabinoid_052,11
N#Cc1cc(-c2ccc(Cl)cc2)c(-c2ccc(Cl)cc2Cl)nc1OCc1cccc(Cl)c1,Cannabinoid_053,11
N#Cc1cc(-c2ccc(Cl)cc2)c(-c2ccc(Cl)cc2Cl)nc1OCc1ccc(C(F)(F)F)cc1,Cannabinoid_054,11
N#Cc1cc(-c2ccc(Cl)cc2)c(-c2ccc(Cl)cc2)nc1OCc1ccc(F)c(F)c1,Cannabinoid_055,11
N#Cc1cc(-c2ccc(Cl)cc2)c(-c2ccccc2Cl)nc1OCc1ccc(F)c(F)c1,Cannabinoid_056,11
N#Cc1cc(-c2ccc(F)cc2)c(-c2ccc(Cl)cc2Cl)nc1OCc1ccc(F)c(F)c1,Cannabinoid_057,11
Cc1ccc(-c2cc(C#N)c(OCc3ccc(F)c(F)c3)nc2-c2ccc(Cl)cc2Cl)cc1,Cannabinoid_058,11
N#Cc1cc(-c2ccc(F)cc2)c(-c2ccc(F)cc2F)nc1OCc1ccc(F)c(F)c1,Cannabinoid_059,11
NC(=O)c1cc(-c2ccc(Cl)cc2)c(-c2ccc(Cl)cc2Cl)nc1OCc1ccccc1,Cannabinoid_060,11
CNC(=O)c1cc(-c2ccc(Cl)cc2)c(-c2ccc(Cl)cc2Cl)nc1OCc1ccccc1,Cannabinoid_061,11
CN(C)C(=O)c1cc(-c2ccc(Cl)cc2)c(-c2ccc(Cl)cc2Cl)nc1OCc1ccccc1,Cannabinoid_062,11
CCNC(=O)c1cc(-c2ccc(Cl)cc2)c(-c2ccc(Cl)cc2Cl)nc1OCc1ccccc1,Cannabinoid_063,11
CCCNC(=O)c1cc(-c2ccc(Cl)cc2)c(-c2ccc(Cl)cc2Cl)nc1OCc1ccccc1,Cannabinoid_064,11
O=C(NC1CCCC1)c1cc(-c2ccc(Cl)cc2)c(-c2ccc(Cl)cc2Cl)nc1OCc1ccccc1,Cannabinoid_065,11
O=C(NN1CCCCC1)c1cc(-c2ccc(Cl)cc2)c(-c2ccc(Cl)cc2Cl)nc1OCc1ccccc1,Cannabinoid_066,11
COC(=O)c1cc(-c2ccc(Cl)cc2)c(-c2ccc(Cl)cc2Cl)nc1OCc1ccccc1,Cannabinoid_067,11
COC(=O)c1cc(-c2ccc(Cl)cc2)c(-c2ccc(Cl)cc2Cl)nc1OCc1ccc(F)c(F)c1,Cannabinoid_068,11
CCCCOc1nc(-c2ccc(Cl)cc2Cl)c(-c2ccc(Cl)cc2)cc1C(=O)OC,Cannabinoid_069,11
COC(=O)c1cc(-c2ccc(Cl)cc2)c(-c2ccc(Cl)cc2Cl)nc1OCC1CCCCC1,Cannabinoid_070,11
CNC(=O)c1cc(-c2ccc(Cl)cc2)c(-c2ccc(Cl)cc2Cl)nc1OCc1ccc(F)c(F)c1,Cannabinoid_071,11
CCNC(=O)c1cc(-c2ccc(Cl)cc2)c(-c2ccc(Cl)cc2Cl)nc1OCc1ccc(F)c(F)c1,Cannabinoid_072,11
CCCNC(=O)c1cc(-c2ccc(Cl)cc2)c(-c2ccc(Cl)cc2Cl)nc1OCc1ccc(F)c(F)c1,Cannabinoid_073,11
O=C(NCCF)c1cc(-c2ccc(Cl)cc2)c(-c2ccc(Cl)cc2Cl)nc1OCc1ccc(F)c(F)c1,Cannabinoid_074,11
CC(C)NC(=O)c1cc(-c2ccc(Cl)cc2)c(-c2ccc(Cl)cc2Cl)nc1OCc1ccc(F)c(F)c1,Cannabinoid_075,11
CCCCOc1nc(-c2ccc(Cl)cc2Cl)c(-c2ccc(Cl)cc2)cc1C(N)=O,Cannabinoid_076,11
CCCCOc1nc(-c2ccc(Cl)cc2Cl)c(-c2ccc(Cl)cc2)cc1C(=O)NC,Cannabinoid_077,11
CCCCOc1nc(-c2ccc(Cl)cc2Cl)c(-c2ccc(Cl)cc2)cc1C(=O)NCCC,Cannabinoid_078,11
CNC(=O)c1cc(-c2ccc(Cl)cc2)c(-c2ccc(Cl)cc2Cl)nc1OCC1CCCCC1,Cannabinoid_079,11
CCCNC(=O)c1cc(-c2ccc(Cl)cc2)c(-c2ccc(Cl)cc2Cl)nc1OCC1CCCCC1,Cannabinoid_080,11
CN(C)C(=O)c1cc(-c2ccc(Cl)cc2)c(-c2ccc(Cl)cc2Cl)nc1Cl,Cannabinoid_081,11
CCCNC(=O)c1cc(-c2ccc(Cl)cc2)c(-c2ccc(Cl)cc2Cl)nc1Cl,Cannabinoid_082,11
CCCCCCNC(=O)c1cc(-c2ccc(Cl)cc2)c(-c2ccc(Cl)cc2Cl)nc1Cl,Cannabinoid_083,11
O=C(NN1CCCCC1)c1cc(-c2ccc(Cl)cc2)c(-c2ccc(Cl)cc2Cl)nc1Cl,Cannabinoid_084,11
O=C(c1cnc(-c2ccc(Cl)cc2Cl)c(-c2ccc(Cl)cc2)c1)N1CCCCC1,Cannabinoid_085,11
CCCCCCNC(=O)c1cnc(-c2ccc(Cl)cc2Cl)c(-c2ccc(Cl)cc2)c1,Cannabinoid_086,11
O=C(NC1CCCCC1)c1cnc(-c2ccc(Cl)cc2Cl)c(-c2ccc(Cl)cc2)c1,Cannabinoid_087,11
O=C(NN1CCCCC1)c1cnc(-c2ccc(Cl)cc2Cl)c(-c2ccc(Cl)cc2)c1,Cannabinoid_088,11
N#Cc1cc(-c2ccccc2)c(-c2ccc(Cl)cc2)nc1OCc1ccccc1,Cannabinoid_089,11
N#Cc1cc(-c2ccc(Cl)cc2)c(-c2ccc(Cl)cc2Cl)nc1OCc1ccccc1,Cannabinoid_090,11
N#Cc1cc(-c2ccc(Cl)cc2)c(-c2ccc(Cl)cc2Cl)nc1OCc1ccc(F)cc1,Cannabinoid_091,11
CC(=O)Nc1c(C(C)=O)c(=O)n(CC(C)C)c2nc(-c3ccc(Cl)cc3Cl)c(-c3ccc(Cl)cc3)cc12,Cannabinoid_092,11
CC(=O)Nc1cc(=O)n(C)c2nc(-c3ccc(Cl)cc3Cl)c(-c3ccc(Cl)cc3)cc12,Cannabinoid_093,11
CC(=O)Nc1c(C#N)c(=O)n(C)c2nc(-c3ccc(Cl)cc3Cl)c(-c3ccc(Cl)cc3)cc12,Cannabinoid_094,11
CC(=O)Nc1c(C)c(=O)n(C)c2nc(-c3ccc(Cl)cc3Cl)c(-c3ccc(Cl)cc3)cc12,Cannabinoid_095,11
COc1c(NC(C)=O)c2cc(-c3ccc(Cl)cc3)c(-c3ccc(Cl)cc3Cl)nc2n(C)c1=O,Cannabinoid_096,11
CC(=O)Nc1c(N(C)C)c(=O)n(C)c2nc(-c3ccc(Cl)cc3Cl)c(-c3ccc(Cl)cc3)cc12,Cannabinoid_097,11
CC(=O)Nc1c(C(C)C)c(=O)n(C)c2nc(-c3ccc(Cl)cc3Cl)c(-c3ccc(Cl)cc3)cc12,Cannabinoid_098,11
CC(=O)c1c(N)c2cc(-c3ccc(Cl)cc3)c(-c3ccc(Cl)cc3Cl)nc2n(C)c1=O,Cannabinoid_099,11
CC(C)CN(C)Cc1cc(C(=O)c2csc(S(N)(=O)=O)c2)ccc1O,Carbonic_000,2
COc1ccc(C(=O)c2coc(S(N)(=O)=O)c2)cc1,Carbonic_001,15
CN(C)Cc1cc(C(=O)c2csc(S(N)(=O)=O)c2)ccc1O,Carbonic_002,2
NS(=O)(=O)c1cc(S(=O)(=O)c2ccc(CN3CCOCC3)cc2)cs1,Carbonic_003,2
CC(C)CN(C)Cc1cc(S(=O)(=O)c2csc(S(N)(=O)=O)c2)ccc1O,Carbonic_004,2
CC(C)CCNCc1cccc(C(=O)c2csc(S(N)(=O)=O)c2)c1,Carbonic_005,2
CN1CCN(Cc2ccc(S(=O)(=O)c3csc(S(N)(=O)=O)c3)cc2)CC1,Carbonic_006,2
CN1CCN(Cc2ccccc2S(=O)(=O)c2csc(S(N)(=O)=O)c2)CC1,Carbonic_007,2
CN(C)Cc1cc(S(=O)(=O)c2coc(S(N)(=O)=O)c2)ccc1O,Carbonic_008,15
CCN(CC)Cc1cc(S(=O)(=O)c2csc(S(N)(=O)=O)c2)ccc1O,Carbonic_009,2
Cc1ccc(S(=O)(=O)c2coc(S(N)(=O)=O)c2)cc1,Carbonic_010,15
CC(C)CNCc1ccc(C(=O)c2csc(S(N)(=O)=O)c2)cc1,Carbonic_011,2
CNCc1ccc(C(=O)c2csc(S(N)(=O)=O)c2)cc1,Carbonic_012,2
CCCCNCc1ccc(C(=O)c2csc(S(N)(=O)=O)c2)cc1,Carbonic_013,2
NS(=O)(=O)c1cc(S(=O)(=O)c2cccc(O)c2)cs1,Carbonic_014,2
CN1CCN(Cc2ccc(C(=O)c3csc(S(N)(=O)=O)c3)cc2)CC1,Carbonic_015,2
CC(C)CNCc1ccc(S(=O)(=O)c2csc(S(N)(=O)=O)c2)cc1O,Carbonic_016,2
CC(C)CNCc1cccc(C(=O)c2csc(S(N)(=O)=O)c2)c1,Carbonic_017,2
COc1ccc(S(=O)(=O)c2csc(S(N)(=O)=O)c2)cc1,Carbonic_018,2
NS(=O)(=O)c1cc(S(=O)(=O)c2ccccc2CNCc2ccccn2)cs1,Carbonic_019,2
NS(=O)(=O)c1cc(S(=O)(=O)c2ccc(O)cc2)co1,Carbonic_020,15
NS(=O)(=O)c1cc(S(=O)(=O)c2ccc(O)cc2)cs1,Carbonic_021,2
CCCCNCc1ccc(S(=O)(=O)c2csc(S(N)(=O)=O)c2)cc1,Carbonic_022,2
CCN(CC)Cc1cc(S(=O)(=O)c2coc(S(N)(=O)=O)c2)ccc1O,Carbonic_023,2
NS(=O)(=O)c1cc(C(=O)c2cccc(CN3CCOCC3)c2)cs1,Carbonic_024,2
CC(C)CNCc1ccc(S(=O)(=O)c2csc(S(N)(=O)=O)c2)cc1,Carbonic_025,2
CC(C)(C)NCc1ccc(S(=O)(=O)c2csc(S(N)(=O)=O)c2)cc1,Carbonic_026,2
NS(=O)(=O)c1cc(C(=O)c2ccc(CN3CCOCC3)cc2)cs1,Carbonic_027,2
CC(C)CNCc1cccc(S(=O)(=O)c2csc(S(N)(=O)=O)c2)c1,Carbonic_028,2
NS(=O)(=O)c1cc(C(=O)c2ccc(CNCc3ccccc3)cc2)cs1,Carbonic_029,2
CCN(CC)Cc1cc(C(=O)c2csc(S(N)(=O)=O)c2)ccc1O,Carbonic_030,2
CN(C)Cc1cc(S(=O)(=O)c2csc(S(N)(=O)=O)c2)ccc1O,Carbonic_031,2
COc1ccc(S(=O)(=O)c2coc(S(N)(=O)=O)c2)cc1,Carbonic_032,15
NS(=O)(=O)c1cc(C(=O)c2ccc(O)cc2)cs1,Carbonic_033,2
Cc1ccc(C(=O)c2csc(S(N)(=O)=O)c2)cc1,Carbonic_034,2
CC(C)CNCc1ccccc1S(=O)(=O)c1csc(S(N)(=O)=O)c1,Carbonic_035,2
CCN(CC)Cc1ccc(S(=O)(=O)c2csc(S(N)(=O)=O)c2)cc1O,Carbonic_036,2
COc1ccc(C(=O)c2csc(S(N)(=O)=O)c2)cc1,Carbonic_037,2
Cc1ccc(S(=O)(=O)c2csc(S(N)(=O)=O)c2)cc1,Carbonic_038,2
CCC(C)NCc1cccc(S(=O)(=O)c2csc(S(N)(=O)=O)c2)c1,Carbonic_039,2
NS(=O)(=O)c1cc(S(=O)(=O)c2ccc(CNCc3ccccn3)cc2)cs1,Carbonic_040,2
CC(C)NCc1cccc(S(=O)(=O)c2csc(S(N)(=O)=O)c2)c1,Carbonic_041,2
COCCNCc1cc2cc(S(N)(=O)=O)sc2s1,Carbonic_042,2
COCCN(CCOC)Cc1cc2cc(S(N)(=O)=O)sc2s1,Carbonic_043,2
CC(C)CNCc1cc2sc(S(N)(=O)=O)cc2s1,Carbonic_044,2
NS(=O)(=O)c1ccc(SCCCCO)c(F)c1,Carbonic_045,15
CN(C)Cc1cc(S(=O)(=O)c2ccc(S(N)(=O)=O)s2)ccc1O,Carbonic_046,2
NS(=O)(=O)c1cc2cc(CN3CCOCC3)sc2s1,Carbonic_047,2
COCCOCCNC(C)c1cc2cc(S(N)(=O)=O)sc2s1,Carbonic_048,2
CNCc1cc2cc(S(N)(=O)=O)sc2s1,Carbonic_049,2
CC(=O)Nc1nnc(S(N)(=O)=O)s1,Carbonic_050,15
NS(=O)(=O)c1cc2cc(CN(CCO)CCO)sc2s1,Carbonic_051,2
CNCc1cc2sc(S(N)(=O)=O)cc2s1,Carbonic_052,2
NS(=O)(=O)c1cc2cc(CNCCO)sc2s1,Carbonic_053,2
NS(=O)(=O)c1cc(Cl)c(Cl)c(S(N)(=O)=O)c1,Carbonic_054,15
COCCOCCCNCc1cc2cc(S(N)(=O)=O)sc2s1,Carbonic_055,2
NS(=O)(=O)c1ccc(S(=O)(=O)CCCCO)s1,Carbonic_056,2
NS(=O)(=O)c1cc2cc(CNC(CO)CO)sc2s1,Carbonic_057,2
COCCNCc1cc2sc(S(N)(=O)=O)cc2s1,Carbonic_058,2
NS(=O)(=O)c1cc2cc(C(=O)NCC(O)CO)sc2s1,Carbonic_059,2
CC(C)(C)C(=O)Oc1ccc2sc(S(N)(=O)=O)cc2c1,Carbonic_060,2
CC(C)CNCc1cc2cc(S(N)(=O)=O)sc2s1,Carbonic_061,2
O=C(NO)C(F)(F)F,Carbonic_062,15
COCCOCCN(CCOC)C(C)c1cc2cc(S(N)(=O)=O)sc2s1,Carbonic_063,2
NS(=O)(=O)c1cc2cc(CN3CCOCC3)sc2o1,Carbonic_064,2
COCCCNCc1cc2cc(S(N)(=O)=O)sc2s1,Carbonic_065,2
NS(=O)(=O)c1cc2cc(CN3CCSCC3)sc2s1,Carbonic_066,2
NS(=O)(=O)c1cc2cc(C(=O)NCCN3CCSCC3)sc2s1,Carbonic_067,2
CC(C=O)N(Cc1cc2cc(S(N)(=O)=O)sc2s1)C(C)C=O,Carbonic_068,2
COCCN(CCOC)Cc1cc2sc(S(N)(=O)=O)cc2s1,Carbonic_069,2
NS(=O)(=O)c1cc2cc(C(=O)NCCN3CCOCC3)sc2s1,Carbonic_070,2
NC(=O)Nc1ccc(S(=O)(=O)Nc2ccc(S(N)(=O)=O)cc2)cc1,Carbonic_071,15
CCNC1CC(C)S(=O)(=O)c2sc(S(N)(=O)=O)cc21,Carbonic_072,2
NS(=O)(=O)c1cc2cc(CN3CC[S+]([O-])CC3)sc2s1,Carbonic_073,2
COCCN(CCNC(=O)c1cc2cc(S(N)(=O)=O)sc2s1)CCOC,Carbonic_074,2
C[S+]([O-])CCNCc1cc2cc(S(N)(=O)=O)sc2s1,Carbonic_075,2
NS(=O)(=O)c1cc2c(s1)S(=O)(=O)CCC2,Carbonic_076,2
CC(C)CNC1CCS(=O)(=O)c2sc(S(N)(=O)=O)cc21,Carbonic_077,2
COC(C)(C)C(=O)Oc1ccc2nc(S(N)(=O)=O)sc2c1,Carbonic_078,2
NS(=O)(=O)c1cc2cc(CNCC3CC3)sc2s1,Carbonic_079,2
COCCOCCN(CCOC)C(Cc1ccc(F)cc1)c1cc2cc(S(N)(=O)=O)sc2s1,Carbonic_080,2
CC(=O)NO,Carbonic_081,15
CN(C)CCNC(=O)c1cc2cc(S(N)(=O)=O)sc2s1,Carbonic_082,2
NS(=O)(=O)c1cc2cc(C(=O)N(CCO)CCO)sc2s1,Carbonic_083,2
NS(=O)(=O)c1cc2c(s1)C(=O)CCS2,Carbonic_084,2
CC1(C)OC2C3OS(=O)(=O)OC3CCC2(COS(N)(=O)=O)O1,Carbonic_085,15
NS(=O)(=O)c1cc2cc(CNCCCCO)sc2s1,Carbonic_086,2
CN(C)S(=O)(=O)Oc1ccc2nc(S(N)(=O)=O)sc2c1,Carbonic_087,2
CC(=O)/N=c1/sc(S(N)(=O)=O)nn1C,Carbonic_088,15
CC(C)(C)NCc1cc2cc(S(N)(=O)=O)sc2s1,Carbonic_089,2
COCCOCCN(CCOC)Cc1cc2cc(S(N)(=O)=O)sc2s1,Carbonic_090,2
COCCOCCN(CCOC)c1cc2cc(S(N)(=O)=O)sc2s1,Carbonic_091,2
C[S+]([O-])CCNC(=O)c1cc2cc(S(N)(=O)=O)sc2s1,Carbonic_092,2
COCCOCCN(CCOCCOC)Cc1cc2cc(S(N)(=O)=O)sc2s1,Carbonic_093,2
CSCCNCc1cc2cc(S(N)(=O)=O)sc2s1,Carbonic_094,2
CCNC1CN(CCCCOC)S(=O)(=O)c2sc(S(N)(=O)=O)cc21,Carbonic_095,2
NS(=O)(=O)c1cc2cc(N3CCOCC3)sc2s1,Carbonic_096,2
CC(C)(C)C(=O)Oc1ccc2cc(S(N)(=O)=O)oc2c1,Carbonic_097,15
NCc1cc2cc(S(N)(=O)=O)sc2s1,Carbonic_098,2
NS(=O)(=O)c1cc2cc(CNCCF)sc2s1,Carbonic_099,2
O=C1CC(NC(=O)C2CSC3CCC(NC(=O)OCc4ccccc4)C(=O)N32)C(O)O1,Caspase_000,5
CC(=O)NC(CC(=O)O)C(=O)NC(CCC(=O)O)C(=O)NC(C(=O)NC1CC(=O)OC1O)C(C)C,Caspase_001,5
CC(=O)NC(Cc1ccc(O)cc1)C(=O)NC(C(=O)NC(C)C(=O)NC1CC(=O)OC1O)C(C)C,Caspase_002,5
CC(=O)NC(CC(=O)O)C(=O)NC1CCCC2SCC(C(=O)NC3CC(=O)OC3O)N2C1=O,Caspase_003,5
CC(C)C(NC(=O)OCc1ccccc1)C(=O)N1CCCC1C(=O)NC1CC(=O)OC1O,Caspase_004,5
O=C(CN1CCCCC(NC(=O)OCc2ccccc2)C1=O)NC1CC(=O)OC1O,Caspase_005,5
CC(NC(=O)C(NC(=O)OCc1ccccc1)C(C)C)C(=O)NC1CC(=O)OC1O,Caspase_006,5
CC(=O)NC(CC(=O)O)C(=O)NC(C(=O)NC(C)C(=O)NC1CC(=O)OC1O)C(C)C,Caspase_007,5
CC(C)C(NC(=O)OCc1ccccc1)C(=O)N1CCCCC1C(=O)NC1CC(=O)OC1O,Caspase_008,5
CC(=O)NC(CC(=O)O)C(=O)NC(CCC(=O)O)C(=O)NC(C(=O)NC(CC=O)CC(=O)O)C(C)C,Caspase_009,5
CC(C)CC(NC(=O)CNc1cccc2ccccc12)C(=O)NC(C=O)CC(=O)O,Caspase_010,5
CC(C)CC(NC(=O)C(=O)Nc1cccc2ccccc12)C(=O)NC(C=O)CC(=O)O,Caspase_011,5
CC(C)CC(NC(=O)COc1cccc2ccccc12)C(=O)NC(C=O)CC(=O)O,Caspase_012,5
CC(C)CC(NC(=O)C(CCC(=O)O)Oc1cccc2ccccc12)C(=O)NC1CC(=O)OC1O,Caspase_013,5
CC(C)CC(NC(=O)C(C)Nc1cccc2ccccc12)C(=O)NC1CC(=O)OC1O,Caspase_014,5
CC(C)C(NC(=O)COc1cc2ccccc2cc1C(=O)O)C(=O)NC1CC(=O)OC1O,Caspase_015,5
CC(C)C(NC(=O)CNc1cccc2ccccc12)C(=O)NC1CC(=O)OC1O,Caspase_016,5
CC(C)CC(NC(=O)OCc1ccccc1)C(=O)CC1CC(=O)OC1O,Caspase_017,5
CC(C)C(NC(=O)COc1cccc2c(NS(=O)(=O)C(F)(F)F)cccc12)C(=O)NC1CC(=O)OC1O,Caspase_018,5
CC(C)C(NC(=O)CCOc1cccc2ccccc12)C(=O)NC1CC(=O)OC1O,Caspase_019,5
CC(C)C(NC(=O)COc1cccc2ccccc12)C(=O)NC1CC(=O)OC1O,Caspase_020,5
CC(C)C(NC(=O)OCc1ccccc1)C(=O)CC1CC(=O)OC1O,Caspase_021,5
CC(C)C(NC(=O)COc1ccc2ccccc2c1C(=O)O)C(=O)NC1CC(=O)OC1O,Caspase_022,5
CC(C)C(NC(=O)COc1cc2ccccc2cc1NS(=O)(=O)C(F)(F)F)C(=O)NC1CC(=O)OC1O,Caspase_023,5
CC(C)CC(NC(=O)CNc1cccc(Oc2ccccc2)c1)C(=O)NC1CC(=O)OC1O,Caspase_024,5
CC(C)C(NC(=O)COc1c(C(=O)O)ccc2ccccc12)C(=O)NC1CC(=O)OC1O,Caspase_025,5
CC(C)CC(NC(=O)CNc1cccc2ccccc12)C(=O)NC1CC(=O)OC1O,Caspase_026,5
CC(C)CC(NC(=O)C(CCC(=O)O)Oc1cccc2ccccc12)C(=O)NC1CC(=O)OC1O,Caspase_027,5
CC(C)CC(NC(=O)C(CCC(=O)O)NC(=O)OCc1ccccc1)C(=O)NC1CC(=O)OC1O,Caspase_028,5
CC(C)CC(NC(=O)COc1ccc2ccccc2c1)C(=O)NC1CC(=O)OC1O,Caspase_029,5
CC(C)CC(NC(=O)CNCC(Cc1ccccc1)c1ccccc1)C(=O)NC1CC(=O)OC1O,Caspase_030,5
CC(C)CC(NC(=O)COc1cccc2ccccc12)C(=O)NC1CC(=O)OC1O,Caspase_031,5
O=C(O)CC(NC(=O)c1cncc(S(=O)(=O)NCc2ccccc2)c1)C(=O)CSCc1ccc(F)cc1,Caspase_032,18
CCN(CC)C(=O)c1cncc(C(=O)NC(CC(=O)O)C(=O)CSCc2ccc(F)cc2)c1,Caspase_033,18
CN1C(=O)C(=O)c2cc([N+](=O)[O-])ccc21,Caspase_034,13
O=C1C(=O)N(Cc2ccccc2)c2ccc([N+](=O)[O-])cc21,Caspase_035,13
CN1C(=O)C(=O)c2cc(C#N)ccc21,Caspase_036,13
O=C(O)CC(NC(=O)c1cncc(Br)c1)C(=O)CSc1ccccc1,Caspase_037,18
CC(C)CN(CC(C)C)C(=O)c1cncc(C(=O)NC(CC(=O)O)C(=O)CSCc2ccc(F)cc2)c1,Caspase_038,18
O=C1Nc2ccc(S(=O)(=O)N3CCC3)cc2C1=O,Caspase_039,13
O=C1Nc2ccc(S(=O)(=O)N3CCCCC3)cc2C1=O,Caspase_040,13
O=C(O)CC(NC(=O)c1cncc(Br)c1)C(=O)CCCCCc1ccccc1,Caspase_041,18
O=C1Nc2ccc(S(=O)(=O)N3CCCC3COc3ccccc3)cc2C1=O,Caspase_042,13
O=CC(CC(=O)O)NC(=O)c1ccccn1,Caspase_043,18
O=C(O)CC(NC(=O)c1cncc(Br)c1)C(=O)Cc1ccccc1,Caspase_044,18
CN(CC1CCCN1S(=O)(=O)c1ccc2c(c1)C(=O)C(=O)N2)c1ccccc1,Caspase_045,13
O=CC(CC(=O)O)NC(=O)c1cncc(S(=O)(=O)NC2CC2)c1,Caspase_046,18
O=C(O)CC(NC(=O)c1cncc(S(=O)(=O)NC2CC2)c1)C(=O)Oc1ccccc1,Caspase_047,18
CCCN(CCC)C(=O)c1cncc(C(=O)NC(CC(=O)O)C(=O)CSCc2ccc(F)cc2)c1,Caspase_048,18
CN(C)S(=O)(=O)c1cncc(C(=O)NC(CC(=O)O)C(=O)CSCc2ccc(F)cc2)c1,Caspase_049,18
CN(C1CC1)S(=O)(=O)c1cncc(C(=O)NC(CC(=O)O)C(=O)CSCc2ccc(F)cc2)c1,Caspase_050,18
CC(C)(C)OC(=O)C1CCCN1S(=O)(=O)c1ccc2c(c1)C(=O)C(=O)N2,Caspase_051,13
CN(C)C(=O)C1CCCN1S(=O)(=O)c1ccc2c(c1)C(=O)C(=O)N2,Caspase_052,13
O=C1C(=O)N(CC2CCCCC2)c2ccc(S(=O)(=O)N3CCCC3COc3ccccc3)cc21,Caspase_053,13
CCN(C(=O)c1cncc(C(=O)NC(CC(=O)O)C(=O)CSCc2ccc(F)cc2)c1)C(C)C,Caspase_054,18
CCN(CC)S(=O)(=O)c1cncc(C(=O)NC(CC(=O)O)C(=O)CSCc2ccc(F)cc2)c1,Caspase_055,18
O=C(O)CC(NC(=O)c1cncc(Br)c1)C(=O)CSCc1ccccc1,Caspase_056,18
O=C1C(=O)N(Cc2ccncc2)c2ccc(S(=O)(=O)N3CCCC3COc3ccccc3)cc21,Caspase_057,13
O=C1Nc2ccc(S(=O)(=O)N3CCCC3CNc3ccccc3)cc2C1=O,Caspase_058,13
CC(C)(C)OC(=O)CN1C(=O)C(=O)c2cc(S(=O)(=O)N3CCCC3COc3ccccc3)ccc21,Caspase_059,13
O=C(O)CC(NC(=O)c1cncc(S(=O)(=O)NC2CC2)c1)C(=O)COC(=O)c1cccc2ccccc12,Caspase_060,18
COCCN(C)S(=O)(=O)c1ccc2c(c1)C(=O)C(=O)N2,Caspase_061,13
O=CC(CC(=O)O)NC(=O)c1cncc(Br)c1,Caspase_062,18
O=CC(CC(=O)O)NC(=O)c1ccccc1,Caspase_063,18
COC(=O)C1CCCN1S(=O)(=O)c1ccc2c(c1)C(=O)C(=O)N2,Caspase_064,13
CN1C(=O)C(=O)c2cc(S(=O)(=O)N3CCCC3COc3ccccc3)ccc21,Caspase_065,13
CN1C(=O)C(=O)c2cc(I)ccc21,Caspase_066,13
O=C1Nc2ccc(S(=O)(=O)N3CCCC3CSc3ccccc3)cc2C1=O,Caspase_067,13
O=C1C(=O)N(Cc2ccccc2)c2ccc(S(=O)(=O)N3CCCC3COc3ccccc3)cc21,Caspase_068,13
O=C(O)CC(NC(=O)c1cncc(S(=O)(=O)NC2CC2)c1)C(=O)CSCc1ccc(F)cc1,Caspase_069,18
COCC1CCCN1S(=O)(=O)c1ccc2c(c1)C(=O)C(=O)N2,Caspase_070,13
O=C1Nc2ccc(S(=O)(=O)N3CCCCCC3)cc2C1=O,Caspase_071,13
O=C(O)CC(NC(=O)c1cncc(Br)c1)C(=O)CSCc1ccc(F)cc1,Caspase_072,18
CCCN(CCC)S(=O)(=O)c1cncc(C(=O)NC(CC(=O)O)C(=O)CSCc2ccc(F)cc2)c1,Caspase_073,18
O=C1Nc2ccc(S(=O)(=O)N3CCCC3)cc2C1=O,Caspase_074,13
O=C(O)CN1C(=O)C(=O)c2cc(S(=O)(=O)N3CCCC3COc3ccccc3)ccc21,Caspase_075,13
O=C(O)CC(NC(=O)c1cncc(S(=O)(=O)NC2CC2)c1)C(=O)CNCc1c(F)cccc1F,Caspase_076,18
CC(=O)NC(CC(=O)O)C(=O)NC(CCC(=O)O)C(=O)NC(C(=O)NC(C=O)CC(=O)O)C(C)C,Caspase_077,5
O=C(O)CC(NC(=O)c1cncc(Br)c1)C(=O)CCCc1ccccc1,Caspase_078,18
O=CC(CC(=O)O)NC(=O)c1cccnc1,Caspase_079,18
COC(=O)c1ccc2c(c1)C(=O)C(=O)N2C,Caspase_080,13
C=CCN1C(=O)C(=O)c2cc(S(=O)(=O)N3CCCC3COc3ccccc3)ccc21,Caspase_081,13
COCC1CCCN1S(=O)(=O)c1ccc2c(c1)C(=O)C(=O)N2,Caspase_082,13
CC(C)CC(NC(=O)COc1ccc(Cc2ccccc2)cc1)C(=O)NC1CC(=O)OC1O,Caspase_083,5
CC(C)CC(NC(=O)Cc1cccc2ccccc12)C(=O)NC1CC(=O)OC1O,Caspase_084,5
CC(C)CC(NC(=O)CCSc1cccc2ccccc12)C(=O)NC1CC(=O)OC1O,Caspase_085,5
CC(C)CC(NC(=O)COc1nccc2ccccc12)C(=O)NC1CC(=O)OC1O,Caspase_086,5
CC(C)CC(NC(=O)CCOc1ccc2ccccc2c1)C(=O)NC1CC(=O)OC1O,Caspase_087,5
CC(C)CC(NC(=O)COc1ccnc2ccccc12)C(=O)NC1CC(=O)OC1O,Caspase_088,5
CC(C)CC(NC(=O)c1ccc2ccccc2c1)C(=O)NC1CC(=O)OC1O,Caspase_089,5
CC(C)CC(NC(=O)COc1ccc(C2CCCC2)cc1)C(=O)NC1CC(=O)OC1O,Caspase_090,5
CC(C)CC(NC(=O)CCSc1ccc2ccccc2c1)C(=O)NC1CC(=O)OC1O,Caspase_091,5
CC(C)CC(NC(=O)/C=C/c1ccccc1)C(=O)NC1CC(=O)OC1O,Caspase_092,5
CC(C)CC(NC(=O)COc1ccccc1Cc1ccccc1)C(=O)NC1CC(=O)OC1O,Caspase_093,5
CC(C)CC(NC(=O)CCOc1cccc2ccccc12)C(=O)NC1CC(=O)OC1O,Caspase_094,5
CC(C)CC(NC(=O)Cc1ccc(-c2ccccc2)cc1)C(=O)NC1CC(=O)OC1O,Caspase_095,5
CC(C)CC(NC(=O)CCCc1ccc2ccccc2c1)C(=O)NC1CC(=O)OC1O,Caspase_096,5
CC(C)CC(NC(=O)COc1cccc2cccnc12)C(=O)NC1CC(=O)OC1O,Caspase_097,5
CC(C)CC(NC(=O)CC(=O)c1cccc2ccccc12)C(=O)NC1CC(=O)OC1O,Caspase_098,5
CC(C)CC(NC(=O)COc1ccccc1OCc1ccccc1)C(=O)NC1CC(=O)OC1O,Caspase_099,5
